[Header],
FileFormatVersion,2
RunName,FC_1914_Stajich_EDCRE_NextSeq_Pool_2_ITS_16S
InstrumentPlatform,NextSeq1k2k
IndexOrientation,Forward

[Reads]
Read1Cycles,301
Read2Cycles,301
Index1Cycles,12

[Sequencing_Settings]
InputContainerIdentifier,Stajich_EDCRE_NextSeq_Pool_2_ITS_16S

[BCLConvert_Settings]
SoftwareVersion,3.8.4
OverrideCycles,Y301;I12;Y301
FastqCompressionFormat,gzip
FastqCompressionFormat,gzip
BarcodeMismatchesIndex1,0
MaskShortReads,5

[BCLConvert_Data]
Sample_ID,Index
D151-RT0_16S,TGTGTTACTCCT
D142-RT1_16S,AGTGAAATACTG
D102-RT1_16S,ACCTTCGCGCAC
D113-RT1_16S,GATTTAGAGGCT
D111-RT0_16S,CCATATCCCGGA
D072-RT0_16S,TTGACGACATCG
D023-RT0_16S,TACCAATCGGTG
D093-RT0_16S,ATCTGGACGATC
D121-RT0_16S,ACTCGTGATAGC
LB111-RT0_16S,ATGTGGCGTGTT
LB022-RT0_16S,AGACATACCGTA
LB071-RT0_16S,ACCTCTATTCGT
D082-RT0_16S,AAGGCTGGGCAC
D111-RT1_16S,TTGGGTACACGT
D092-RT1_16S,GATATCGATGAA
D141-RT1_16S,AACGCGAAATTC
D101-RT0_16S,CGATAGGCCTTA
D032-RT0_16S,TAAGATGCAGTC
D112-RT0_16S,TCCGCAACCTGA
D103-RT0_16S,AGCCGACTCTGT
D122-RT0_16S,GTGTTCCCAGAA
LB122-RT0_16S,CTCGAGCGTACT
LB032-RT0_16S,GCTGTGATTCGA
LB081-RT0_16S,CTGCCCTCGATG
D043-RT0_16S,GTGAGCACGCAG
D081-RT1_16S,CCGCTGATGTCA
D133-RT1_16S,ACCCTCAGCCCA
D103-RT1_16S,GGTGACTAGTTC
D071-RT0_16S,CGATCGAACACT
D114-RT0_16S,TTCGCTAACCTT
D084-RT0_16S,GCAGGGTCGAAC
D144-RT0_16S,TAGAGGCGTAGG
LB112-RT0_16S,CAGGTAATAATG
LB031-RT0_16S,GCCGAACGCCGA
LB052-RT0_16S,GTCTAGTATTTC
D053-RT1_16S,AAGCATTGAGAT
D134-RT0_16S,CCGTCAAGATGT
D112-RT1_16S,TCCAGGGCTATA
D143-RT1_16S,GACTATAATGGC
D152-RT1_16S,ATCACCAGGTGT
D113-RT0_16S,AGCTGCACCTAA
D123-RT0_16S,GGAGTGCCCGAA
D013-RT0_16S,CATGACGCCTCC
D083-RT0_16S,GTATTATGACTT
LB062-RT0_16S,CATAATCTTGCT
LB102-RT0_16S,TGCGTGGGTGGA
LB011-RT0_16S,ACTATATTAGCT
D121-RT1_16S,TTCTGGTCTTGT
D011-RT0_16S,AATTGAATTTAC
D024-RT1_16S,GCCTGCAGTACT
D013-RT1_16S,ATGGTTCACCCG
D031-RT1_16S,CCGTGGACCAGG
D124-RT1-REDO_16S,AGGAAAGCCAGA
D021-RT0_16S,ATGGCTGTCAGT
D133-RT0_16S,GAGGGTTGTCGG
LB082-RT0_16S,CCACGTACGTAA
LB051-RT0_16S,AGTAAGTCGATA
LB061-RT0_16S,TTGGGCCACATA
D134-RT1_16S,TCTATCTGGCTT
D082-RT1_16S,ATACCTAAATAT
D142-RT0_16S,GTCCCTATTATC
D064-RT1_16S,ACGCACATACAA
D123-RT1_16S,ATGTCCGACCAA
D012-RT1_16S,ATTTCGACCCGG
D153-RT0_16S,GCGACGCGGCAT
D154-RT0_16S,TGCGGTTGACTC
D152-RT0_16S,CCAGGTTAATGC
LB101-RT0_16S,CGACGAGATTAT
LB041-RT0_16S,GCTACAAGCCCT
LB012-RT0_16S,GCACATAGTCGT
D042-RT1_16S,AGCCACCCGGGA
D132-RT1_16S,ATGTCTTCAACT
D081-RT0_16S,GGAGTTGAGGTG
D154-RT1_16S,GTTCAACAGCTG
D051-RT1_16S,CGTTTCAAGGAC
Run2_Pos-D14_16S,GCGAGCGAAGTA
D033-RT0_16S,GCGCAATAGTAT
D024-RT0_16S,CACATATTGGGC
D141-RT0_16S,CATGTTGGAACA
LB091-RT0_16S,ACCCGACGGGAC
LB072-RT0_16S,AGGTCATCTTGG
LB021-RT0_16S,CTCTCGGCGTAA
D072-RT1_16S,CGAGATAGTTTG
D091-RT1_16S,CTGCAAGCCTGT
D132-RT0_16S,ATCTCTGGCGCC
D094-RT1_16S,ATCTTGGAGTCG
D054-RT1_16S,TGCCCTCCGTAG
Run2_Neg-P14_16S,GTTGTGGGCGCG
D091-RT0_16S,AGACGACGTGGA
D104-RT0_16S,ACTTCATCGTAT
D143-RT0_16S,TGTGATCTTTAC
LB092-RT0_16S,TCCTCCGGTTGG
LB042-RT0_16S,AACTTCACTTCC
LB121-RT0_16S,CGACCGGTGAAG
D151-RT1_16S,CCTCTCGGGTTG
D044-RT1_16S,GATGGCGGACTG
D151-RT0_ITS,CGTACCAGATCC
D142-RT1_ITS,TCCGTTCGTTTA
D113-RT1_ITS,CATTTCGCACTT
D111-RT0_ITS,ATGTTTAGACGG
D072-RT0_ITS,ACATGTCACGTG
D023-RT0_ITS,CTTTAGCGCTGG
D121-RT0_ITS,CAAGTCGAATAC
LB111-RT0_ITS,GCAAGTGTGAGG
LB022-RT0_ITS,CTCGGTCAACCA
LB071-RT0_ITS,ACCCTATTGCGG
D082-RT0_ITS,TTAAGCGCCTGA
D111-RT1_ITS,AGACGTTGCTAC
D092-RT1_ITS,AGAATAGCGCTT
D141-RT1_ITS,AAGCGTACATTG
D101-RT0_ITS,TGCGGGATTCAT
D032-RT0_ITS,CAAACTGCGTTG
D112-RT0_ITS,TTAGACTCGGAA
D103-RT0_ITS,GACCGATAGGGA
D122-RT0_ITS,GGCGAACTGAAG
LB122-RT0_ITS,CGGCACTATCAC
LB032-RT0_ITS,AGGTGGTGGAGT
LB081-RT0_ITS,ATTCCCAGAACG
D043-RT0_ITS,GTTATGACGGAT
D081-RT1_ITS,CTTCCGCAGACA
D133-RT1_ITS,GCACTATACGCA
D103-RT1_ITS,TCTGGGCATTGA
D071-RT0_ITS,AGCCTCATGATG
D114-RT0_ITS,GTGTATCGCCAC
D084-RT0_ITS,CCAAACTCGTCG
D144-RT0_ITS,ACGTGAGGAACG
LB112-RT0_ITS,TGAATCGAAGCT
LB031-RT0_ITS,CTGCAGTAAGTA
LB052-RT0_ITS,TATAGGCTCCGC
D053-RT1_ITS,ATCGTGTGTTGG
D134-RT0_ITS,CCAATGATAAGC
D112-RT1_ITS,TCTACCACGAAG
D143-RT1_ITS,AATATCGGGATC
D152-RT1_ITS,TAGTGCATTCGG
D113-RT0_ITS,TTAAACCGCGCC
D123-RT0_ITS,CTTGCATACCGG
D013-RT0_ITS,GTGCACGATAAT
D083-RT0_ITS,GGTCTAGGTCTA
LB062-RT0_ITS,TCAGGACGTATC
LB102-RT0_ITS,GAAAGGTGAGAA
D121-RT1_ITS,GTCGCTTGCACA
D011-RT0_ITS,TCAATGACCGCA
D024-RT1_ITS,ACGCTGTCGGTT
D013-RT1_ITS,CTCGTTTCAGTT
D031-RT1_ITS,GCGAACCTATAC
D124-RT1-REDO_ITS,CTATCGGAAGAT
D021-RT0_ITS,CGGATTGCTGTA
D133-RT0_ITS,GGTACTGTACCA
LB082-RT0_ITS,ATCGAATCGAGT
LB051-RT0_ITS,CTAGCAGTATGA
LB061-RT0_ITS,GTTAATGGCAGT
D134-RT1_ITS,GTATGGAGCTAT
D082-RT1_ITS,CCTTCTGTATAC
D142-RT0_ITS,CTCTCATATGCT
D064-RT1_ITS,GTACCTAGCCTG
D123-RT1_ITS,CACTGAGTACGT
D012-RT1_ITS,TCAAGCAATACG
D153-RT0_ITS,CCAGTATCGCGT
D154-RT0_ITS,TCGTTTCTTCAG
D152-RT0_ITS,AGTACCTAAGTG
LB101-RT0_ITS,GGATGCAGGATG
LB041-RT0_ITS,CCACTTGAGAGT
LB012-RT0_ITS,GCACTTCATTTC
D042-RT1_ITS,AGAATCCACCAC
D132-RT1_ITS,CTCAAGTCAAAG
D154-RT1_ITS,CAGCCTGCAAAT
D051-RT1_ITS,TTGCAAGTACCG
Run2_Pos-D14_ITS,GCTTCTCTCACT
D033-RT0_ITS,ATGGGACCTTCA
D024-RT0_ITS,GCTATTCCTCAT
D141-RT0_ITS,GTCTCTGAAAGA
LB091-RT0_ITS,GTTCTGCTTGTT
LB072-RT0_ITS,GTCAAGACCTCA
LB021-RT0_ITS,TTGTTACGTTCC
D072-RT1_ITS,CAGTTCGAGATA
D091-RT1_ITS,AATGTCACCAGA
D094-RT1_ITS,ACACATAAGTCG
D054-RT1_ITS,TACTGCCAGTGA
Run2_Neg-P14_ITS,GAGTTTACGGTC
D104-RT0_ITS,TTGACACACGAC
D143-RT0_ITS,ATAAGGTCGCCT
LB092-RT0_ITS,TTGCCCTTTGAT
LB042-RT0_ITS,CCTGGAATTAAG
LB121-RT0_ITS,TGAGACCCTACA
D151-RT1_ITS,AAGTATCCTGCG
D044-RT1_ITS,CAAATGGTCGTC
L-T1-D064_16S,TAGGACGGGAGT
R-T0-D071_16S,TGCTACAGACGT
L-T1-LB111_16S,AGGTGAGTTCTA
L-T1-D091_16S,AACGATCATAGA
R-T1-D114_16S,AAGTCTTATCTC
R-T1-D043_16S,TTGCACCGTCGA
R-T0-LB092_16S,CTCCGAACAACA
L-T0-D094_16S,TCTGGCTACGAC
R-T1-LB031_16S,AGTAGTTTCCTT
L-T0-D054_16S,CAGATCCCAACC
L-T0-MCH4_16S,GATAGCACTCGT
L-T0-D103_16S,GTAATTGTAATT
L-T1-D052_16S,GTTTGGCCACAC
R-T0-MGH4_16S,GATCCCACGTAC
L-T0-CCH2_16S,CCGCCAGCTTTG
L-T1-MGC3_16S,TCATCTTGATTG
Run2_Neg-P07_16S,GTCCTACACAGC
L-T1-D053_16S,ATTTACAATTGA
L-T0-D011_16S,CCACTGCCCACC
L-T1-LB011_16S,ATAGTTAGGGCT
L-T1-D063_16S,GACCCGTTTCGC
R-T1-D081_16S,TGACTGCGTTAG
L-T0-LB122_16S,ACGTTAATATTC
L-T0-MGC4_16S,TCTAACGAGTGC
R-T0-CGC2_16S,TATATAGTATCC
Run2_Pos-D10_16S,TAGCGCGAACTT
L-T1-LB071_16S,AGCGGTAGCGGT
L-T1-D061_16S,GTCAGTATGGCT
R-T1-D083_16S,ACTGTTTACTGT
R-T0-D023_16S,GTCACGGACATT
L-T0-CCC3_16S,GAATATACCTGG
L-T1-MGH1_16S,GAATCTGACAAC
R-T0-D062_16S,ATTGCCTTGATT
R-T0-MGH1_16S,GAGCCCAAAGAG
R-T1-D053_16S,CCATGTGGCTCC
L-T1-CCC1_16S,CGTTCCTTGTTA
R-T1-D153_16S,CATAAGGGAGGC
L-T0-D092_16S,CTACTTACATCC
L-T1-MGH3_16S,CGCACGTACCTC
R-T0-MCH3_16S,GTCCTCGCGACT
L-T1-D144_16S,CAGGCCACTCTC
L-T0-D122_16S,ACAGTTGTACGC
L-T0-D063_16S,ACCAGAAATGTC
R-T0-LB091_16S,CTCATCATGTTC
R-T0-D131_16S,TTAGGATTCTAT
R-T1-D133_16S,CAACGAACCATC
Run2_Pos-D09_16S,GCTAGTTATGGA
R-T1-D022_16S,CGTCGCAGCCTT
L-T0-LB022_16S,GTGCAACCAATC
L-T1-LB032_16S,ACCACCGTAACC
R-T1-LB122_16S,AGGAAGTAACTT
L-T0-CCH1_16S,CGTTCGCTAGCC
Run2_Neg-D09_16S,AGATGCAATGAT
Run2_Neg-P08_16S,ACTGGCAAACCT
R-T1-D132_16S,AACACCATCGAC
L-T0-D153_16S,TTATCCAGTCCT
R-T1-D033_16S,GTTTATCTTAAG
R-T0-LB122_16S,GTTCGCCGCATC
R-T0-CGC3_16S,AGACTATTTCAT
L-T0-CGH1_16S,AGCGATTCCTCG
R-T0-LB032_16S,CTCACCTAGGAA
L-T1-D151_16S,CGGTTGGCGGGT
Run2_Pos-D11_16S,AATTGAATTTAC
R-T1-D104_16S,TGCCTGCTCGAC
Run2_Neg-D11_16S,TATGTGCCGGCT
L-T0-D053_16S,GCATTCGGCGTT
R-T1-D044_16S,TCTACATACATA
Run2_Pos-D08_16S,CGATTCCTTAAT
R-T0-D144_16S,CAGTCTAGTACG
R-T0-MCC1_16S,GTTCGAGTGAAT
R-T1-LB061_16S,AGTCCGAGTTGT
L-T0-D043_16S,CGTGAGGACCAG
L-T1-D111_16S,TACTGTACTGTT
L-T1-CGH1_16S,CCACCGGGCCGA
L-T1-LB061_16S,AATCCGGTCACC
L-T0-LB012_16S,TCTTACCCATAA
R-T0-D143_16S,TCTCGCACTGGA
L-T0-D013_16S,ACCAGTGACTCA
L-T0-D151_16S,TGGCGCACGGAC
R-T1-LB042_16S,CATTTACATCAC
R-T1-CCH2_16S,GTGGGACTGCGC
L-T0-CGH2_16S,CGGCCTAAGTTC
R-T0-CCH2_16S,GCTGAGCCTTTG
L-T0-D154_16S,AGAGACGCGTAG
L-T0-CGC1_16S,CTAGAGCTCCCA
Run2_Neg-D11_16S,TGTGCTTGTAGG
R-T1-D071_16S,ATACCGTCTTTC
Run2_Neg-D12_16S,CGCGTCAAACTA
NAA-D04_16S,GGTCTTAGCACC
R-T0-D082_16S,GCCTACTCTCGG
R-T1-D013_16S,ACTGCCCGATAC
R-T1-D052_16S,TTCTTAACGCCT
R-T1-LB081_16S,CTCCCGAGCTCC
L-T0-D091_16S,TAGACTTCAGAG
R-T1-LB072_16S,ACTTAGACTCTT
L-T1-D143_16S,GGACCTGGATGG
L-T1-D064_ITS,GTCGAATTTGCG
R-T0-D071_ITS,CGACTCTAAACG
L-T1-LB111_ITS,GTCTTCAGCAAG
L-T1-D091_ITS,CGGATAACCTCC
R-T1-D114_ITS,GCATCAGAGTTA
R-T1-D043_ITS,GTGGTCATCGTA
R-T0-LB092_ITS,CTGAAGGGCGAA
L-T0-D094_ITS,CGCTCACAGAAT
R-T1-LB031_ITS,ATTCGGTAGTGC
L-T0-D054_ITS,CGAGCTGTTACC
L-T0-MCH4_ITS,CAACACATGCTG
L-T0-D103_ITS,ATTCTCTCACGT
L-T1-D052_ITS,AGGGTGACTTTA
R-T0-MGH4_ITS,AAGACAGCTATC
L-T0-CCH2_ITS,ATTGACCGGTCA
L-T1-MGC3_ITS,TTCTCCATCACA
Run2_Neg-P07_ITS,GACTTCATGCGA
L-T1-D053_ITS,GCCTGTCTGCAA
L-T0-D011_ITS,ACTGATGGCCTC
L-T1-LB011_ITS,TTCGATGCCGCA
L-T1-D063_ITS,TGTGGCTCGTGT
R-T1-D081_ITS,AACTTTCAGGAG
L-T0-LB122_ITS,TGCACGTGATAA
L-T0-MGC4_ITS,GTTCGGTGTCCA
R-T0-CGC2_ITS,CGTAGGTAGAGG
Run2_Pos-D10_ITS,GTCGCCGTACAT
L-T1-LB071_ITS,GGAATCCGATTA
L-T1-D061_ITS,CACCCGATGGTT
R-T1-D083_ITS,ATTTAGGACGAC
R-T0-D023_ITS,GGATAGCCAAGG
L-T0-CCC3_ITS,TGGTTGGTTACG
L-T1-MGH1_ITS,GTCGTCCAAATG
R-T0-D062_ITS,CAACGTGCTCCA
R-T0-MGH1_ITS,TACACAAGTCGC
R-T1-D053_ITS,GCGTCCATGAAT
L-T1-CCC1_ITS,GTAATGCGTAAC
R-T1-D153_ITS,TTCTGAGAGGTA
L-T0-D092_ITS,GGTTTAACACGC
L-T1-MGH3_ITS,AGACAGTAGGAG
R-T0-MCH3_ITS,GCCACGACTTAC
L-T1-D144_ITS,ATCCCTACGGAA
L-T0-D122_ITS,GGTTCCATTAGG
R-T0-LB091_ITS,CCGAGGTATAAT
R-T0-D131_ITS,AGCGTAATTAGC
R-T1-D133_ITS,CTCGTGAATGAC
R-T1-D022_ITS,CCTGTCCTATCT
L-T0-LB022_ITS,ATTGTTCCTACC
L-T1-LB032_ITS,CTCCCTTTGTGT
L-T0-CCH1_ITS,CCTTGACCGATG
Run2_Neg-D09_ITS,GCCGTAAACTTG
Run2_Neg-P08_ITS,GCAGATTTCCAG
R-T1-D132_ITS,AGATGATCAGTC
L-T0-D153_ITS,GAGACGTGTTCT
R-T1-D033_ITS,TATCACCGGCAC
R-T0-LB122_ITS,TATGCCAGAGAT
R-T0-CGC3_ITS,AGGTCCAAATCA
L-T0-CGH1_ITS,ACCGTGCTCACA
R-T0-LB032_ITS,CTATCATCCTCA
L-T1-D151_ITS,GGTCTCCTACAG
Run2_Pos-D11_ITS,ACTGACTTAAGG
R-T1-D104_ITS,GATGCTGCCGTT
Run2_Neg-D11_ITS,ACTCTAGCCGGT
R-T1-D044_ITS,AATGACCTCGTG
R-T0-D144_ITS,CCAGATATAGCA
R-T0-MCC1_ITS,GAGAGTCCACTT
R-T1-LB061_ITS,GAACGGGACGTA
L-T0-D043_ITS,ACGTGTAGGCTT
L-T1-D111_ITS,TTCCTAGGCCAG
L-T1-CGH1_ITS,ATAGCGAACTCA
L-T1-LB061_ITS,TAACGCTGTGTG
L-T0-LB012_ITS,AACCAAACTCGA
R-T0-D143_ITS,ATTAAGCCTGGA
L-T0-D013_ITS,TGGCTTTCTATC
L-T0-D151_ITS,ACAGCTCAAACA
R-T1-LB042_ITS,GAGCGTATCCAT
R-T1-CCH2_ITS,ATGGGCGAATGG
L-T0-CGH2_ITS,GATCTCTGGGTA
R-T0-CCH2_ITS,CATCATACGGGT
L-T0-D154_ITS,TACGGATTATGG
L-T0-CGC1_ITS,GCCGTCTCGTAA
Run2_Neg-D11_ITS,CTTGAGAAATCG
R-T1-D071_ITS,CTACACAGCACA
Run2_Neg-D12_ITS,GAAATGCTACGT
NAA-D04_ITS,CTGGGTATCTCG
R-T0-D082_ITS,GACTACCCGTTG
R-T1-D013_ITS,GCGTTGCAAACT
R-T1-D052_ITS,AACCGCATAAGT
R-T1-LB081_ITS,ACCTTACACCTT
L-T0-D091_ITS,GTAGGTGCTTAC
R-T1-LB072_ITS,CGCATTTGGATG
L-T1-D143_ITS,ATAACATGTGCG
MCCT1-S3_16S,ATGTTAGGGAAT
MHHR1R1_16S,GCTAGTTATGGA
MHHR2R1_16S,TCATCCGTCGGC
Soil3-1-T0_16S,ATTTGGCTCTTA
MGCT1-S5_16S,GATCCGGCAGGA
MCCT1-S1_16S,GTTAAGCTGACC
MCHT1-S4_16S,CCTATTGCGGCC
MGHT1-S1_16S,AAGTGGCTATCC
CHCR3R1_16S,ACTAGTTGGACC
MHHR4R1_16S,GGCTTCGGAGCG
Soil3-2-T0_16S,CGCGTCAAACTA
CGHT1-S1_16S,CTTCCAACTCAT
MGCT1-S4_16S,GCCTAGCCCAAT
MGCT1-S3_16S,GTTAGGGAGCGA
MCCT1-S2_16S,GTCGTTACCCGC
MHHR2R2_16S,CGCAAGCCCGCG
Soil5-1-T0_16S,CGGTCAATTGAC
Soil2-2-T0_16S,ATGTTCCTCATC
MCHT1-S2_16S,CGACCTCGCATA
CGCT1-S3_16S,CATTCGTGGCGT
MGCT1-S2_16S,AGTACGCAGTCT
MGHT1-S2_16S,AGTATATGTTTC
CHCR1R1_16S,AGAGCGGAACAA
Soil4-1-T0_16S,TCCGCTGCTGAC
Soil1-2-T0_16S,TCCGTGGTATAG
CCHT1-S1_16S,GTCAGAGTATTG
CGHT1-S4_16S,GCGGTCGGTCAG
CCHT1-S3_16S,TATCCTGGTTTC
CCCR3R1_16S,GGCTCGTCGGAG
MCHR4R1_16S,ACATGGGCGGAA
Soil4_2-T0_16S,TGCGCGCCTTCC
CCCT1-S1_16S,GTTGGTTGGCAT
CCHT1-S4_16S,GAACGATCATGT
CGHT1-S2_16S,TCAGTCAGATGA
MCHT1-S1_16S,CTGGTCTTACGG
CCCR2R1_16S,GACATCTGACAC
MCHR3R1_16S,CTGCGGATATAC
Soil5-2-T0_16S,GCGCACACCTTC
CGCT1-S1_16S,AACGGGCGACGT
MGHT1-S4_16S,CTCCACATTCCT
CGCT1-S2_16S,CGAACGTCTATG
CCCT1-S4_16S,ATGCCGGTAATA
CCCR1R1_16S,AATTTCCTAACA
MCHR2R1_16S,GTGAGGGCAAGT
Soil1-1-T0_16S,CACGAAAGCAGG
CCCT1-S2_16S,TACTGAGCCTCG
CGHT1-S3_16S,TCTTCGCAGCAG
MCHT1-S3_16S,CAGTCCCTGCAC
CGCT1-S4_16S,ATCAAGATACGC
CHCR4R1_16S,ATAAACGGACAT
MCHR1R1_16S,ATATTGGCAGCC
Soil2-1-T0_16S,CGTGGCTTTCCG
CCCT1-S3_16S,GGTGCAGACAGA
CCHT1-S2_16S,CACGCTATTGGA
MCCT1-S4_16S,TGATTTAATTGC
MGHT1-S3_16S,CTGAGGCCCTTC
D151-BT0_16S,CAATAGAATAAG
D024-BT1_16S,TATACCGCTGCG
D062-RT0_16S,CAGTGCACGTCT
D073-RT0_16S,CTGGTGCTGAAT
D074-RT1_16S,ACAAAGGTATCA
D124-RT0_16S,TGAACCCTATGG
CCCR4R1_16S,AATAAGCAATAG
D022-RT1_16S,TATGGGTAGCTA
Run2_Pos-D16_16S,ACATAGCGGTTC
Run2_Neg-P16_16S,CTTACACTGCTT
MCCT1-S3_ITS,CTACCGATTGCG
MHHR1R1_ITS,TCACCCAAGGTA
MHHR2R1_ITS,AGCCAGTCATAC
Soil3-1-T0_ITS,TAACGGCGCTCT
MGCT1-S5_ITS,GTTTGCTCGAGA
MCCT1-S1_ITS,CAAACGCACTAA
MCHT1-S4_ITS,GAACAAAGAGCG
MGHT1-S1_ITS,GAGTCCGTTGCT
CHCR3R1_ITS,GATAACTGTACG
MHHR4R1_ITS,TAAACCTGGACA
Soil3-2-T0_ITS,CCGAATTGACAA
CGHT1-S1_ITS,CTGGCATCTAGC
MGCT1-S4_ITS,GGTGGTCGTTCT
MGCT1-S3_ITS,ACTATGGGCTAA
MCCT1-S2_ITS,AGAACCGTCATA
MHHR2R2_ITS,AACTGGAACCCT
Soil5-1-T0_ITS,ATACTCGGCTGC
Soil2-2-T0_ITS,ACGCTTAACGAC
MCHT1-S2_ITS,AGCTTACCGACC
CGCT1-S3_ITS,AGGGCTATAGTT
MGCT1-S2_ITS,TGTCTCGCAAGC
MGHT1-S2_ITS,TGTAGTATAGGC
CHCR1R1_ITS,CTCACGCAATGC
Soil4-1-T0_ITS,GTCCCGTGAAAT
Soil1-2-T0_ITS,GGACAGTGTATT
CCHT1-S1_ITS,ACACGACTATAG
CGHT1-S4_ITS,GTGTAGGTGCTT
CCHT1-S3_ITS,TGAACTAGCGTC
CCCR3R1_ITS,GCACTGGCATAT
MCHR4R1_ITS,GGCATTAGTTGA
Soil4_2-T0_ITS,CGGTAGTTGATC
CCCT1-S1_ITS,TGAAAGCGGCGA
CCHT1-S4_ITS,GGTTACGGTTAC
CGHT1-S2_ITS,ACATCAGGTCAC
MCHT1-S1_ITS,GTTGATACGATG
CCCR2R1_ITS,ACTAGGATCAGT
MCHR3R1_ITS,GCTCCTTAGAAG
Soil5-2-T0_ITS,TCCCATTCCCAT
CGCT1-S1_ITS,TGGCGTCATTCG
MGHT1-S4_ITS,AATCCTCGGAGT
CGCT1-S2_ITS,CTGGACGCATTA
CCCT1-S4_ITS,ACCGATTAGGTA
CCCR1R1_ITS,TCTCAGCGCGTA
MCHR2R1_ITS,GACCCTAGACCT
Soil1-1-T0_ITS,TATTCAGCGGAC
CCCT1-S2_ITS,GTTCCGGATTAG
CGHT1-S3_ITS,GCGTGTAATTAG
MCHT1-S3_ITS,CTGTAGCTTGGC
CGCT1-S4_ITS,ATGCCTCGTAAG
CHCR4R1_ITS,ACCGTCTTTCTC
MCHR1R1_ITS,AGTCTGTCTGCG
Soil2-1-T0_ITS,CCGCACTCAAGT
CCCT1-S3_ITS,TGTGGAAACTCC
CCHT1-S2_ITS,TTAGGCAGGTTC
MCCT1-S4_ITS,TAAGACTACTGG
MGHT1-S3_ITS,CGCGAAGTTTCA
D151-BT0_ITS,GCTAAGTGATGT
D024-BT1_ITS,GCATTGAGTTCG
D062-RT0_ITS,CAGCCGCATATC
D073-RT0_ITS,TCCGAGTCACCA
D074-RT1_ITS,CAGACACTTCCG
D124-RT0_ITS,ATGTGCTGCTCG
CCCR4R1_ITS,ACCTATGGTGAA
D022-RT1_ITS,CGATACACTGCC
Run2_Pos-D16_ITS,AAGGGACAAGTG
Run2_Neg-P16_ITS,GTTGCTGAGTCC

[Cloud_Settings]
GeneratedVersion,1.10.0.202310021933

[Cloud_Data]
Sample_ID,ProjectName,LibraryName,LibraryPrepKitName,IndexAdapterKitName
Stajich_EDCRE_NextSeq_Pool_2_ITS_16S,FC_1914_Stajich_EDCRE_NextSeq_Pool_2_ITS_16S_2023-11-29T17_25_40_ce06368,Stajich_EDCRE_NextSeq_Pool_2_ITS_16S_TGTGTTACTCCT,,

