SampleNum	Sample Name:	Golay Barcode
1	D151-RT0_16S	TGTGTTACTCCT	
2	D142-RT1_16S	AGTGAAATACTG	
3	D102-RT1_16S	ACCTTCGCGCAC	ITS_Empty
4	D113-RT1_16S	GATTTAGAGGCT	
5	D111-RT0_16S	CCATATCCCGGA	
6	D072-RT0_16S	TTGACGACATCG	
7	D023-RT0_16S	TACCAATCGGTG	
8	D093-RT0_16S	ATCTGGACGATC	ITS_Empty
9	D121-RT0_16S	ACTCGTGATAGC	
10	LB111-RT0_16S	ATGTGGCGTGTT	
11	LB022-RT0_16S	AGACATACCGTA	
12	LB071-RT0_16S	ACCTCTATTCGT	
13	D082-RT0_16S	AAGGCTGGGCAC	
14	D111-RT1_16S	TTGGGTACACGT	
15	D092-RT1_16S	GATATCGATGAA	
16	D141-RT1_16S	AACGCGAAATTC	
17	D101-RT0_16S	CGATAGGCCTTA	
18	D032-RT0_16S	TAAGATGCAGTC	
19	D112-RT0_16S	TCCGCAACCTGA	
20	D103-RT0_16S	AGCCGACTCTGT	
21	D122-RT0_16S	GTGTTCCCAGAA	
22	LB122-RT0_16S	CTCGAGCGTACT	
23	LB032-RT0_16S	GCTGTGATTCGA	
24	LB081-RT0_16S	CTGCCCTCGATG	
25	D043-RT0_16S	GTGAGCACGCAG	
26	D081-RT1_16S	CCGCTGATGTCA	
27	D133-RT1_16S	ACCCTCAGCCCA	
28	D103-RT1_16S	GGTGACTAGTTC	
29	D071-RT0_16S	CGATCGAACACT	
30	D114-RT0_16S	TTCGCTAACCTT	
31	D084-RT0_16S	GCAGGGTCGAAC	
32	D144-RT0_16S	TAGAGGCGTAGG	
33	LB112-RT0_16S	CAGGTAATAATG	
34	LB031-RT0_16S	GCCGAACGCCGA	
35	LB052-RT0_16S	GTCTAGTATTTC	
36	D053-RT1_16S	AAGCATTGAGAT	
37	D134-RT0_16S	CCGTCAAGATGT	
38	D112-RT1_16S	TCCAGGGCTATA	
39	D143-RT1_16S	GACTATAATGGC	
40	D152-RT1_16S	ATCACCAGGTGT	
41	D113-RT0_16S	AGCTGCACCTAA	
42	D123-RT0_16S	GGAGTGCCCGAA	
43	D013-RT0_16S	CATGACGCCTCC	
44	D083-RT0_16S	GTATTATGACTT	
45	LB062-RT0_16S	CATAATCTTGCT	
46	LB102-RT0_16S	TGCGTGGGTGGA	
47	LB011-RT0_16S	ACTATATTAGCT	ITS_Empty
48	D121-RT1_16S	TTCTGGTCTTGT	
49	D011-RT0_16S	AATTGAATTTAC	
50	D024-RT1_16S	GCCTGCAGTACT	
51	D013-RT1_16S	ATGGTTCACCCG	
52	D031-RT1_16S	CCGTGGACCAGG	
53	D124-RT1-REDO_16S	AGGAAAGCCAGA	
54	D021-RT0_16S	ATGGCTGTCAGT	
55	D133-RT0_16S	GAGGGTTGTCGG	
56	LB082-RT0_16S	CCACGTACGTAA	
57	LB051-RT0_16S	AGTAAGTCGATA	
58	LB061-RT0_16S	TTGGGCCACATA	
59	D134-RT1_16S	TCTATCTGGCTT	
60	D082-RT1_16S	ATACCTAAATAT	
61	D142-RT0_16S	GTCCCTATTATC	
62	D064-RT1_16S	ACGCACATACAA	
63	D123-RT1_16S	ATGTCCGACCAA	
64	D012-RT1_16S	ATTTCGACCCGG	
65	D153-RT0_16S	GCGACGCGGCAT	
66	D154-RT0_16S	TGCGGTTGACTC	
67	D152-RT0_16S	CCAGGTTAATGC	
68	LB101-RT0_16S	CGACGAGATTAT	
69	LB041-RT0_16S	GCTACAAGCCCT	
70	LB012-RT0_16S	GCACATAGTCGT	
71	D042-RT1_16S	AGCCACCCGGGA	
72	D132-RT1_16S	ATGTCTTCAACT	
73	D081-RT0_16S	GGAGTTGAGGTG	ITS_Empty
74	D154-RT1_16S	GTTCAACAGCTG	
75	D051-RT1_16S	CGTTTCAAGGAC	
76	Pos-D14_16S	GCGAGCGAAGTA	Positive -- LR DNA4 from F5
77	D033-RT0_16S	GCGCAATAGTAT	
78	D024-RT0_16S	CACATATTGGGC	
79	D141-RT0_16S	CATGTTGGAACA	
80	LB091-RT0_16S	ACCCGACGGGAC	
81	LB072-RT0_16S	AGGTCATCTTGG	
82	LB021-RT0_16S	CTCTCGGCGTAA	
83	D072-RT1_16S	CGAGATAGTTTG	
84	D091-RT1_16S	CTGCAAGCCTGT	
85	D132-RT0_16S	ATCTCTGGCGCC	ITS_Empty
86	D094-RT1_16S	ATCTTGGAGTCG	
87	D054-RT1_16S	TGCCCTCCGTAG	
88	Neg-P14_16S	GTTGTGGGCGCG	Negative -- PCR water
89	D091-RT0_16S	AGACGACGTGGA	ITS_Empty
90	D104-RT0_16S	ACTTCATCGTAT	
91	D143-RT0_16S	TGTGATCTTTAC	
92	LB092-RT0_16S	TCCTCCGGTTGG	
93	LB042-RT0_16S	AACTTCACTTCC	
94	LB121-RT0_16S	CGACCGGTGAAG	
95	D151-RT1_16S	CCTCTCGGGTTG	
96	D044-RT1_16S	GATGGCGGACTG	
97	D151-RT0_ITS	CGTACCAGATCC	
98	D142-RT1_ITS	TCCGTTCGTTTA	
99	D113-RT1_ITS	CATTTCGCACTT	
100	D111-RT0_ITS	ATGTTTAGACGG	
101	D072-RT0_ITS	ACATGTCACGTG	
102	D023-RT0_ITS	CTTTAGCGCTGG	
103	D121-RT0_ITS	CAAGTCGAATAC	
104	LB111-RT0_ITS	GCAAGTGTGAGG	
105	LB022-RT0_ITS	CTCGGTCAACCA	
106	LB071-RT0_ITS	ACCCTATTGCGG	
107	D082-RT0_ITS	TTAAGCGCCTGA	
108	D111-RT1_ITS	AGACGTTGCTAC	
109	D092-RT1_ITS	AGAATAGCGCTT	
110	D141-RT1_ITS	AAGCGTACATTG	
111	D101-RT0_ITS	TGCGGGATTCAT	
112	D032-RT0_ITS	CAAACTGCGTTG	
113	D112-RT0_ITS	TTAGACTCGGAA	
114	D103-RT0_ITS	GACCGATAGGGA	
115	D122-RT0_ITS	GGCGAACTGAAG	
116	LB122-RT0_ITS	CGGCACTATCAC	
117	LB032-RT0_ITS	AGGTGGTGGAGT	
118	LB081-RT0_ITS	ATTCCCAGAACG	
119	D043-RT0_ITS	GTTATGACGGAT	
120	D081-RT1_ITS	CTTCCGCAGACA	
121	D133-RT1_ITS	GCACTATACGCA	
122	D103-RT1_ITS	TCTGGGCATTGA	
123	D071-RT0_ITS	AGCCTCATGATG	
124	D114-RT0_ITS	GTGTATCGCCAC	
125	D084-RT0_ITS	CCAAACTCGTCG	
126	D144-RT0_ITS	ACGTGAGGAACG	
127	LB112-RT0_ITS	TGAATCGAAGCT	
128	LB031-RT0_ITS	CTGCAGTAAGTA	
129	LB052-RT0_ITS	TATAGGCTCCGC	
130	D053-RT1_ITS	ATCGTGTGTTGG	
131	D134-RT0_ITS	CCAATGATAAGC	
132	D112-RT1_ITS	TCTACCACGAAG	
133	D143-RT1_ITS	AATATCGGGATC	
134	D152-RT1_ITS	TAGTGCATTCGG	
135	D113-RT0_ITS	TTAAACCGCGCC	
136	D123-RT0_ITS	CTTGCATACCGG	
137	D013-RT0_ITS	GTGCACGATAAT	
138	D083-RT0_ITS	GGTCTAGGTCTA	
139	LB062-RT0_ITS	TCAGGACGTATC	
140	LB102-RT0_ITS	GAAAGGTGAGAA	
141	D121-RT1_ITS	GTCGCTTGCACA	
142	D011-RT0_ITS	TCAATGACCGCA	
143	D024-RT1_ITS	ACGCTGTCGGTT	
144	D013-RT1_ITS	CTCGTTTCAGTT	
145	D031-RT1_ITS	GCGAACCTATAC	
146	D124-RT1-REDO_ITS	CTATCGGAAGAT	
147	D021-RT0_ITS	CGGATTGCTGTA	
148	D133-RT0_ITS	GGTACTGTACCA	
149	LB082-RT0_ITS	ATCGAATCGAGT	
150	LB051-RT0_ITS	CTAGCAGTATGA	
151	LB061-RT0_ITS	GTTAATGGCAGT	
152	D134-RT1_ITS	GTATGGAGCTAT	
153	D082-RT1_ITS	CCTTCTGTATAC	
154	D142-RT0_ITS	CTCTCATATGCT	
155	D064-RT1_ITS	GTACCTAGCCTG	
156	D123-RT1_ITS	CACTGAGTACGT	
157	D012-RT1_ITS	TCAAGCAATACG	
158	D153-RT0_ITS	CCAGTATCGCGT	
159	D154-RT0_ITS	TCGTTTCTTCAG	
160	D152-RT0_ITS	AGTACCTAAGTG	
161	LB101-RT0_ITS	GGATGCAGGATG	
162	LB041-RT0_ITS	CCACTTGAGAGT	
163	LB012-RT0_ITS	GCACTTCATTTC	
164	D042-RT1_ITS	AGAATCCACCAC	
165	D132-RT1_ITS	CTCAAGTCAAAG	
166	D154-RT1_ITS	CAGCCTGCAAAT	
167	D051-RT1_ITS	TTGCAAGTACCG	
168	Pos-D14_ITS	GCTTCTCTCACT	Positive -- LR DNA4 from F5
169	D033-RT0_ITS	ATGGGACCTTCA	
170	D024-RT0_ITS	GCTATTCCTCAT	
171	D141-RT0_ITS	GTCTCTGAAAGA	
172	LB091-RT0_ITS	GTTCTGCTTGTT	
173	LB072-RT0_ITS	GTCAAGACCTCA	
174	LB021-RT0_ITS	TTGTTACGTTCC	
175	D072-RT1_ITS	CAGTTCGAGATA	
176	D091-RT1_ITS	AATGTCACCAGA	
177	D094-RT1_ITS	ACACATAAGTCG	
178	D054-RT1_ITS	TACTGCCAGTGA	
179	Neg-P14_ITS	GAGTTTACGGTC	Negative -- PCR water
180	D104-RT0_ITS	TTGACACACGAC	
181	D143-RT0_ITS	ATAAGGTCGCCT	
182	LB092-RT0_ITS	TTGCCCTTTGAT	
183	LB042-RT0_ITS	CCTGGAATTAAG	
184	LB121-RT0_ITS	TGAGACCCTACA	
185	D151-RT1_ITS	AAGTATCCTGCG	
186	D044-RT1_ITS	CAAATGGTCGTC	
187	L-T1-D064_16S	TAGGACGGGAGT	
188	R-T0-D071_16S	TGCTACAGACGT	
189	L-T1-LB111_16S	AGGTGAGTTCTA	
190	L-T1-D091_16S	AACGATCATAGA	
191	R-T1-D114_16S	AAGTCTTATCTC	
192	R-T1-D043_16S	TTGCACCGTCGA	
193	R-T0-LB092_16S	CTCCGAACAACA	
194	L-T0-D094_16S	TCTGGCTACGAC	
195	R-T1-LB031_16S	AGTAGTTTCCTT	
196	L-T0-D054_16S	CAGATCCCAACC	
197	L-T0-MCH4_16S	GATAGCACTCGT	
198	L-T0-D103_16S	GTAATTGTAATT	
199	L-T1-D052_16S	GTTTGGCCACAC	
200	R-T0-MGH4_16S	GATCCCACGTAC	
201	L-T0-CCH2_16S	CCGCCAGCTTTG	
202	L-T1-MGC3_16S	TCATCTTGATTG	
203	Neg-P07_16S	GTCCTACACAGC	
204	L-T1-D053_16S	ATTTACAATTGA	
205	L-T0-D011_16S	CCACTGCCCACC	
206	L-T1-LB011_16S	ATAGTTAGGGCT	
207	L-T1-D063_16S	GACCCGTTTCGC	
208	R-T1-D081_16S	TGACTGCGTTAG	
209	L-T0-LB122_16S	ACGTTAATATTC	
210	L-T0-MGC4_16S	TCTAACGAGTGC	
211	R-T0-CGC2_16S	TATATAGTATCC	
212	Pos-D10_16S	TAGCGCGAACTT	
213	L-T1-LB071_16S	AGCGGTAGCGGT	
214	L-T1-D061_16S	GTCAGTATGGCT	
215	R-T1-D083_16S	ACTGTTTACTGT	
216	R-T0-D023_16S	GTCACGGACATT	
217	L-T0-CCC3_16S	GAATATACCTGG	
218	L-T1-MGH1_16S	GAATCTGACAAC	
219	R-T0-D062_16S	ATTGCCTTGATT	
220	R-T0-MGH1_16S	GAGCCCAAAGAG	
221	R-T1-D053_16S	CCATGTGGCTCC	
222	L-T1-CCC1_16S	CGTTCCTTGTTA	
223	R-T1-D153_16S	CATAAGGGAGGC	
224	L-T0-D092_16S	CTACTTACATCC	
225	L-T1-MGH3_16S	CGCACGTACCTC	
226	R-T0-MCH3_16S	GTCCTCGCGACT	
227	L-T1-D144_16S	CAGGCCACTCTC	
228	L-T0-D122_16S	ACAGTTGTACGC	
229	L-T0-D063_16S	ACCAGAAATGTC	
230	R-T0-LB091_16S	CTCATCATGTTC	
231	R-T0-D131_16S	TTAGGATTCTAT	
232	R-T1-D133_16S	CAACGAACCATC	
233	Pos-D09_16S	GCTAGTTATGGA	
234	R-T1-D022_16S	CGTCGCAGCCTT	
235	L-T0-LB022_16S	GTGCAACCAATC	
236	L-T1-LB032_16S	ACCACCGTAACC	
237	R-T1-LB122_16S	AGGAAGTAACTT	
238	L-T0-CCH1_16S	CGTTCGCTAGCC	
239	Neg-D09_16S	AGATGCAATGAT	
240	Neg-P08_16S	ACTGGCAAACCT	
241	R-T1-D132_16S	AACACCATCGAC	
242	L-T0-D153_16S	TTATCCAGTCCT	
243	R-T1-D033_16S	GTTTATCTTAAG	
244	R-T0-LB122_16S	GTTCGCCGCATC	
245	R-T0-CGC3_16S	AGACTATTTCAT	
246	L-T0-CGH1_16S	AGCGATTCCTCG	
247	R-T0-LB032_16S	CTCACCTAGGAA	
248	L-T1-D151_16S	CGGTTGGCGGGT	
249	Pos-D11_16S	AATTGAATTTAC	
250	R-T1-D104_16S	TGCCTGCTCGAC	
251	Neg-D11_16S	TATGTGCCGGCT	
252	L-T0-D053_16S	GCATTCGGCGTT	
253	R-T1-D044_16S	TCTACATACATA	
254	Pos-D08_16S	CGATTCCTTAAT	
255	R-T0-D144_16S	CAGTCTAGTACG	
256	R-T0-MCC1_16S	GTTCGAGTGAAT	
257	R-T1-LB061_16S	AGTCCGAGTTGT	
258	L-T0-D043_16S	CGTGAGGACCAG	
259	L-T1-D111_16S	TACTGTACTGTT	
260	L-T1-CGH1_16S	CCACCGGGCCGA	
261	L-T1-LB061_16S	AATCCGGTCACC	
262	L-T0-LB012_16S	TCTTACCCATAA	
263	R-T0-D143_16S	TCTCGCACTGGA	
264	L-T0-D013_16S	ACCAGTGACTCA	
265	L-T0-D151_16S	TGGCGCACGGAC	
266	R-T1-LB042_16S	CATTTACATCAC	
267	R-T1-CCH2_16S	GTGGGACTGCGC	
268	L-T0-CGH2_16S	CGGCCTAAGTTC	
269	R-T0-CCH2_16S	GCTGAGCCTTTG	
270	L-T0-D154_16S	AGAGACGCGTAG	
271	L-T0-CGC1_16S	CTAGAGCTCCCA	
272	Neg-D11_16S	TGTGCTTGTAGG	
273	R-T1-D071_16S	ATACCGTCTTTC	
274	Neg-D12_16S	CGCGTCAAACTA	
275	NAA-D04_16S	GGTCTTAGCACC	
276	R-T0-D082_16S	GCCTACTCTCGG	
277	R-T1-D013_16S	ACTGCCCGATAC	
278	R-T1-D052_16S	TTCTTAACGCCT	
279	R-T1-LB081_16S	CTCCCGAGCTCC	
280	L-T0-D091_16S	TAGACTTCAGAG	
281	R-T1-LB072_16S	ACTTAGACTCTT	
282	L-T1-D143_16S	GGACCTGGATGG	
283	L-T1-D064_ITS	GTCGAATTTGCG	
284	R-T0-D071_ITS	CGACTCTAAACG	
285	L-T1-LB111_ITS	GTCTTCAGCAAG	
286	L-T1-D091_ITS	CGGATAACCTCC	
287	R-T1-D114_ITS	GCATCAGAGTTA	
288	R-T1-D043_ITS	GTGGTCATCGTA	
289	R-T0-LB092_ITS	CTGAAGGGCGAA	
290	L-T0-D094_ITS	CGCTCACAGAAT	
291	R-T1-LB031_ITS	ATTCGGTAGTGC	
292	L-T0-D054_ITS	CGAGCTGTTACC	
293	L-T0-MCH4_ITS	CAACACATGCTG	
294	L-T0-D103_ITS	ATTCTCTCACGT	
295	L-T1-D052_ITS	AGGGTGACTTTA	
296	R-T0-MGH4_ITS	AAGACAGCTATC	
297	L-T0-CCH2_ITS	ATTGACCGGTCA	
298	L-T1-MGC3_ITS	TTCTCCATCACA	
299	Neg-P07_ITS	GACTTCATGCGA	
300	L-T1-D053_ITS	GCCTGTCTGCAA	
301	L-T0-D011_ITS	ACTGATGGCCTC	
302	L-T1-LB011_ITS	TTCGATGCCGCA	
303	L-T1-D063_ITS	TGTGGCTCGTGT	
304	R-T1-D081_ITS	AACTTTCAGGAG	
305	L-T0-LB122_ITS	TGCACGTGATAA	
306	L-T0-MGC4_ITS	GTTCGGTGTCCA	
307	R-T0-CGC2_ITS	CGTAGGTAGAGG	
308	Pos-D10_ITS	GTCGCCGTACAT	
309	L-T1-LB071_ITS	GGAATCCGATTA	
310	L-T1-D061_ITS	CACCCGATGGTT	
311	R-T1-D083_ITS	ATTTAGGACGAC	
312	R-T0-D023_ITS	GGATAGCCAAGG	
313	L-T0-CCC3_ITS	TGGTTGGTTACG	
314	L-T1-MGH1_ITS	GTCGTCCAAATG	
315	R-T0-D062_ITS	CAACGTGCTCCA	
316	R-T0-MGH1_ITS	TACACAAGTCGC	
317	R-T1-D053_ITS	GCGTCCATGAAT	
318	L-T1-CCC1_ITS	GTAATGCGTAAC	
319	R-T1-D153_ITS	TTCTGAGAGGTA	
320	L-T0-D092_ITS	GGTTTAACACGC	
321	L-T1-MGH3_ITS	AGACAGTAGGAG	
322	R-T0-MCH3_ITS	GCCACGACTTAC	
323	L-T1-D144_ITS	ATCCCTACGGAA	
324	L-T0-D122_ITS	GGTTCCATTAGG	
325	R-T0-LB091_ITS	CCGAGGTATAAT	
326	R-T0-D131_ITS	AGCGTAATTAGC	
327	R-T1-D133_ITS	CTCGTGAATGAC	
328	R-T1-D022_ITS	CCTGTCCTATCT	
329	L-T0-LB022_ITS	ATTGTTCCTACC	
330	L-T1-LB032_ITS	CTCCCTTTGTGT	
331	L-T0-CCH1_ITS	CCTTGACCGATG	
332	Neg-D09_ITS	GCCGTAAACTTG	
333	Neg-P08_ITS	GCAGATTTCCAG	
334	R-T1-D132_ITS	AGATGATCAGTC	
335	L-T0-D153_ITS	GAGACGTGTTCT	
336	R-T1-D033_ITS	TATCACCGGCAC	
337	R-T0-LB122_ITS	TATGCCAGAGAT	
338	R-T0-CGC3_ITS	AGGTCCAAATCA	
339	L-T0-CGH1_ITS	ACCGTGCTCACA	
340	R-T0-LB032_ITS	CTATCATCCTCA	
341	L-T1-D151_ITS	GGTCTCCTACAG	
342	Pos-D11_ITS	ACTGACTTAAGG	
343	R-T1-D104_ITS	GATGCTGCCGTT	
344	Neg-D11_ITS	ACTCTAGCCGGT	
345	R-T1-D044_ITS	AATGACCTCGTG	
346	R-T0-D144_ITS	CCAGATATAGCA	
347	R-T0-MCC1_ITS	GAGAGTCCACTT	
348	R-T1-LB061_ITS	GAACGGGACGTA	
349	L-T0-D043_ITS	ACGTGTAGGCTT	
350	L-T1-D111_ITS	TTCCTAGGCCAG	
351	L-T1-CGH1_ITS	ATAGCGAACTCA	
352	L-T1-LB061_ITS	TAACGCTGTGTG	
353	L-T0-LB012_ITS	AACCAAACTCGA	
354	R-T0-D143_ITS	ATTAAGCCTGGA	
355	L-T0-D013_ITS	TGGCTTTCTATC	
356	L-T0-D151_ITS	ACAGCTCAAACA	
357	R-T1-LB042_ITS	GAGCGTATCCAT	
358	R-T1-CCH2_ITS	ATGGGCGAATGG	
359	L-T0-CGH2_ITS	GATCTCTGGGTA	
360	R-T0-CCH2_ITS	CATCATACGGGT	
361	L-T0-D154_ITS	TACGGATTATGG	
362	L-T0-CGC1_ITS	GCCGTCTCGTAA	
363	Neg-D11_ITS	CTTGAGAAATCG	
364	R-T1-D071_ITS	CTACACAGCACA	
365	Neg-D12_ITS	GAAATGCTACGT	
366	NAA-D04_ITS	CTGGGTATCTCG	
367	R-T0-D082_ITS	GACTACCCGTTG	
368	R-T1-D013_ITS	GCGTTGCAAACT	
369	R-T1-D052_ITS	AACCGCATAAGT	
370	R-T1-LB081_ITS	ACCTTACACCTT	
371	L-T0-D091_ITS	GTAGGTGCTTAC	
372	R-T1-LB072_ITS	CGCATTTGGATG	
373	L-T1-D143_ITS	ATAACATGTGCG	
374	MCCT1-S3_16S	ATGTTAGGGAAT	
375	MHHR1R1_16S	GCTAGTTATGGA	
376	MHHR2R1_16S	TCATCCGTCGGC	
377	Soil3-1-T0_16S	ATTTGGCTCTTA	
378	MGCT1-S5_16S	GATCCGGCAGGA	
379	MCCT1-S1_16S	GTTAAGCTGACC	
380	MCHT1-S4_16S	CCTATTGCGGCC	
381	MGHT1-S1_16S	AAGTGGCTATCC	
382	CHCR3R1_16S	ACTAGTTGGACC	
383	MHHR4R1_16S	GGCTTCGGAGCG	
384	Soil3-2-T0_16S	CGCGTCAAACTA	
385	CGHT1-S1_16S	CTTCCAACTCAT	
386	MGCT1-S4_16S	GCCTAGCCCAAT	
387	MGCT1-S3_16S	GTTAGGGAGCGA	
388	MCCT1-S2_16S	GTCGTTACCCGC	
389	MHHR2R2_16S	CGCAAGCCCGCG	
390	Soil5-1-T0_16S	CGGTCAATTGAC	
391	Soil2-2-T0_16S	ATGTTCCTCATC	
392	MCHT1-S2_16S	CGACCTCGCATA	
393	CGCT1-S3_16S	CATTCGTGGCGT	
394	MGCT1-S2_16S	AGTACGCAGTCT	
395	MGHT1-S2_16S	AGTATATGTTTC	
396	CHCR1R1_16S	AGAGCGGAACAA	
397	Soil4-1-T0_16S	TCCGCTGCTGAC	
398	Soil1-2-T0_16S	TCCGTGGTATAG	
399	CCHT1-S1_16S	GTCAGAGTATTG	
400	CGHT1-S4_16S	GCGGTCGGTCAG	
401	CCHT1-S3_16S	TATCCTGGTTTC	
402	CCCR3R1_16S	GGCTCGTCGGAG	
403	MCHR4R1_16S	ACATGGGCGGAA	
404	Soil4_2-T0_16S	TGCGCGCCTTCC	
405	CCCT1-S1_16S	GTTGGTTGGCAT	
406	CCHT1-S4_16S	GAACGATCATGT	
407	CGHT1-S2_16S	TCAGTCAGATGA	
408	MCHT1-S1_16S	CTGGTCTTACGG	
409	CCCR2R1_16S	GACATCTGACAC	
410	MCHR3R1_16S	CTGCGGATATAC	
411	Soil5-2-T0_16S	GCGCACACCTTC	
412	CGCT1-S1_16S	AACGGGCGACGT	
413	MGHT1-S4_16S	CTCCACATTCCT	
414	CGCT1-S2_16S	CGAACGTCTATG	
415	CCCT1-S4_16S	ATGCCGGTAATA	
416	CCCR1R1_16S	AATTTCCTAACA	
417	MCHR2R1_16S	GTGAGGGCAAGT	
418	Soil1-1-T0_16S	CACGAAAGCAGG	
419	CCCT1-S2_16S	TACTGAGCCTCG	
420	CGHT1-S3_16S	TCTTCGCAGCAG	
421	MCHT1-S3_16S	CAGTCCCTGCAC	
422	CGCT1-S4_16S	ATCAAGATACGC	
423	CHCR4R1_16S	ATAAACGGACAT	
424	MCHR1R1_16S	ATATTGGCAGCC	
425	Soil2-1-T0_16S	CGTGGCTTTCCG	
426	CCCT1-S3_16S	GGTGCAGACAGA	
427	CCHT1-S2_16S	CACGCTATTGGA	
428	MCCT1-S4_16S	TGATTTAATTGC	
429	MGHT1-S3_16S	CTGAGGCCCTTC	
430	D151-BT0_16S	CAATAGAATAAG	
431	D024-BT1_16S	TATACCGCTGCG	
432	D062-RT0_16S	CAGTGCACGTCT	
433	D073-RT0_16S	CTGGTGCTGAAT	
434	D074-RT1_16S	ACAAAGGTATCA	
435	D124-RT0_16S	TGAACCCTATGG	
436	CCCR4R1_16S	AATAAGCAATAG	
437	D022-RT1_16S	TATGGGTAGCTA	
438	Pos-D16_16S	ACATAGCGGTTC	
439	Neg-P16_16S	CTTACACTGCTT	
440	MCCT1-S3_ITS	CTACCGATTGCG	
441	MHHR1R1_ITS	TCACCCAAGGTA	
442	MHHR2R1_ITS	AGCCAGTCATAC	
443	Soil3-1-T0_ITS	TAACGGCGCTCT	
444	MGCT1-S5_ITS	GTTTGCTCGAGA	
445	MCCT1-S1_ITS	CAAACGCACTAA	
446	MCHT1-S4_ITS	GAACAAAGAGCG	
447	MGHT1-S1_ITS	GAGTCCGTTGCT	
448	CHCR3R1_ITS	GATAACTGTACG	
449	MHHR4R1_ITS	TAAACCTGGACA	
450	Soil3-2-T0_ITS	CCGAATTGACAA	
451	CGHT1-S1_ITS	CTGGCATCTAGC	
452	MGCT1-S4_ITS	GGTGGTCGTTCT	
453	MGCT1-S3_ITS	ACTATGGGCTAA	
454	MCCT1-S2_ITS	AGAACCGTCATA	
455	MHHR2R2_ITS	AACTGGAACCCT	
456	Soil5-1-T0_ITS	ATACTCGGCTGC	
457	Soil2-2-T0_ITS	ACGCTTAACGAC	
458	MCHT1-S2_ITS	AGCTTACCGACC	
459	CGCT1-S3_ITS	AGGGCTATAGTT	
460	MGCT1-S2_ITS	TGTCTCGCAAGC	
461	MGHT1-S2_ITS	TGTAGTATAGGC	
462	CHCR1R1_ITS	CTCACGCAATGC	
463	Soil4-1-T0_ITS	GTCCCGTGAAAT	
464	Soil1-2-T0_ITS	GGACAGTGTATT	
465	CCHT1-S1_ITS	ACACGACTATAG	
466	CGHT1-S4_ITS	GTGTAGGTGCTT	
467	CCHT1-S3_ITS	TGAACTAGCGTC	
468	CCCR3R1_ITS	GCACTGGCATAT	
469	MCHR4R1_ITS	GGCATTAGTTGA	
470	Soil4_2-T0_ITS	CGGTAGTTGATC	
471	CCCT1-S1_ITS	TGAAAGCGGCGA	
472	CCHT1-S4_ITS	GGTTACGGTTAC	
473	CGHT1-S2_ITS	ACATCAGGTCAC	
474	MCHT1-S1_ITS	GTTGATACGATG	
475	CCCR2R1_ITS	ACTAGGATCAGT	
476	MCHR3R1_ITS	GCTCCTTAGAAG	
477	Soil5-2-T0_ITS	TCCCATTCCCAT	
478	CGCT1-S1_ITS	TGGCGTCATTCG	
479	MGHT1-S4_ITS	AATCCTCGGAGT	
480	CGCT1-S2_ITS	CTGGACGCATTA	
481	CCCT1-S4_ITS	ACCGATTAGGTA	
482	CCCR1R1_ITS	TCTCAGCGCGTA	
483	MCHR2R1_ITS	GACCCTAGACCT	
484	Soil1-1-T0_ITS	TATTCAGCGGAC	
485	CCCT1-S2_ITS	GTTCCGGATTAG	
486	CGHT1-S3_ITS	GCGTGTAATTAG	
487	MCHT1-S3_ITS	CTGTAGCTTGGC	
488	CGCT1-S4_ITS	ATGCCTCGTAAG	
489	CHCR4R1_ITS	ACCGTCTTTCTC	
490	MCHR1R1_ITS	AGTCTGTCTGCG	
491	Soil2-1-T0_ITS	CCGCACTCAAGT	
492	CCCT1-S3_ITS	TGTGGAAACTCC	
493	CCHT1-S2_ITS	TTAGGCAGGTTC	
494	MCCT1-S4_ITS	TAAGACTACTGG	
495	MGHT1-S3_ITS	CGCGAAGTTTCA	
496	D151-BT0_ITS	GCTAAGTGATGT	
497	D024-BT1_ITS	GCATTGAGTTCG	
498	D062-RT0_ITS	CAGCCGCATATC	
499	D073-RT0_ITS	TCCGAGTCACCA	
500	D074-RT1_ITS	CAGACACTTCCG	
501	D124-RT0_ITS	ATGTGCTGCTCG	
502	CCCR4R1_ITS	ACCTATGGTGAA	
503	D022-RT1_ITS	CGATACACTGCC	
504	Pos-D16_ITS	AAGGGACAAGTG	
505	Neg-P16_ITS	GTTGCTGAGTCC	
