Sample_ID,Index
L-T2-D011-ITS,TTCGCCCTTCAG
L-T2-D012-ITS,GAGGCCATCAGT
L-T2-D013-ITS,CGTAACCAACCA
L-T2-D014-ITS,GGAGGTTATCCG
L-T2-D021-ITS,GACTGATCATCT
L-T2-D022-ITS,CACGAGGTCATT
L-T2-D023-ITS,TGTTTGAGCTGT
L-T2-D024-ITS,AGTTTGCAACGC
L-T2-D031-ITS,ATTCTGTGAGCG
L-T2-D032-ITS,TGCGGCATCGAA
L-T2-D033-ITS,CATTTGGACGAC
L-T2-D034-ITS,ATTATACCTCGG
L-T2-D041-ITS,AGAACACGTCTC
L-T2-D042-ITS,CATCGGTCAAGG
L-T2-D043-ITS,ATGGATACGCTC
L-T2-D044-ITS,ACTTATGCGGTT
L-T2-D051-ITS,GCACTACCGAAT
L-T2-D052-ITS,ACACGAGCCACA
L-T2-D053-ITS,TGGAGCACGTTG
L-T2-D054-ITS,GCTAATTACGCT
L-T2-D061-ITS,GTGCCGGTGATA
L-T2-D062-ITS,TGCTATATCTGG
L-T2-D063-ITS,CCATTCGCCCAT
L-T2-D064-ITS,AAGGTGTAAGGT
L-T2-D071-ITS,GGTAACAGCTCG
L-T2-D072-ITS,CTCCTGAAAGTT
L-T2-D073-ITS,GCGACTTGTGTA
L-T2-D074-ITS,GTCATTCACGAG
L-T2-D081-ITS,ATCTCTGGCATA
L-T2-D082-ITS,AAGTGGACTCTC
L-T2-D083-ITS,TACCCAGAGATC
L-T2-D084-ITS,GTAAGCACCTAC
L-T2-D091-ITS,CAGCATGTGTTG
L-T2-D092-ITS,TTATCACGTGCA
L-T2-D093-ITS,ATTCATGGACGC
L-T2-D094-ITS,TGTGATGGAGAA
L-T2-D101-ITS,TGATTTGGACCT
L-T2-D102-ITS,TACGTCCCGTTC
L-T2-D103-ITS,ACCCGTATGATG
L-T2-D104-ITS,CATCCAAATGCG
L-T2-D111-ITS,ACGTGAGAGAAT
L-T2-D112-ITS,TGGACACCGAAC
L-T2-D113-ITS,GTTACGCATTAC
L-T2-D114-ITS,AGATAGGACAGG
L-T2-D121-ITS,TGTGAGCACGGT
L-T2-D122-ITS,AAGCCTACACGT
L-T2-D123-ITS,CCATAATCCGTA
L-T2-D124-ITS,CGCACATGTTAT
L-T2-D131-ITS,CGTTTAGAGTCG
L-T2-D132-ITS,GATAGCTGTCTT
L-T2-D133-ITS,ATGTACGGCGAC
L-T2-D134-ITS,GCGTGTTAAACC
L-T2-D141-ITS,ACACAAAGGGAG
L-T2-D142-ITS,CTGTAGGAGACC
L-T2-D143-ITS,TGAGTTCGCTAT
L-T2-D144-ITS,CGATTTCTCAAG
L-T2-D151-ITS,CTTGCTGAAGAC
L-T2-D152-ITS,TGACCGGTCAAT
L-T2-D153-ITS,TAATCGGATTCC
L-T2-D154-ITS,CTCCTACTGTCT
L-T2-LB011-ITS,CGCAAATTCGAC
L-T2-LB012-ITS,TAAAGTCACCCT
L-T2-LB021-ITS,CCTCTACCTACG
L-T2-LB022-ITS,TACCTCTCAGAA
L-T2-LB031-ITS,GGTAGGAACAAT
L-T2-LB032-ITS,TGAGGATGATAG
L-T2-LB041-ITS,CTGGCCTAGGAA
L-T2-LB042-ITS,TTACGAGACGGC
L-T2-LB051-ITS,TAACTCTGATGC
L-T2-LB052-ITS,TCGCATGAAGTC
L-T2-LB061-ITS,GTCGTCCTAAAT
L-T2-LB062-ITS,TTCCGTAGGGAT
L-T2-LB071-ITS,CAAGTTTACGGC
L-T2-LB072-ITS,ACCGGCTAGAGT
L-T2-LB081-ITS,TCCAGGCTTAAT
L-T2-LB082-ITS,CGAGATACCCAG
L-T2-LB091-ITS,TACGATGACCAC
L-T2-LB092-ITS,TTGCAGACAGGC
L-T2-LB101-ITS,CCTTGGCTATCC
L-T2-LB102-ITS,CCTAATGGAACC
L-T2-LB111-ITS,CTGGAAATCTGC
L-T2-LB112-ITS,GTAAGTCGTGGC
L-T2-LB121-ITS,GATAGAAAGCCA
L-T2-LB122-ITS,CAACGGGTAGTC
Neg-Pool8-5-41-ITS,CAGGCTAGGTAC
Neg-Pool8-6-01-ITS,AACCATCGGGTG
Neg-Pool8-6-02-ITS,AACGGCAGCATC
Neg-Pool8-6-03-ITS,CACACAGCGTTA
Neg-Pool8-6-04-ITS,TCGAGTTTGGTT
Neg-Pool8-6-05-ITS,TGTGCTGTGTAG
Neg-Pool8-6-06-ITS,GTATGACTGGCT
Neg-Pool8-6-07-ITS,ATCCCTTGGTCC
Neg-Pool8-6-08-ITS,AATACACTGTCC
Neg-Pool8-6-09-ITS,GACGCTAGTTCA
Neg-Pool8-6-10-ITS,GACCAAAGAGGA
Neg-Pool8-6-11-ITS,CCACACCTTCTG
Neg-Pool8-6-12-ITS,AGGTACCAGGCT
Neg-Pool8-6-13-ITS,TACGCGCTGAGA
Neg-Pool8-6-14-ITS,GAACCTGCCTAA
Neg-Pool8-6-15-ITS,CCTCACACTTGC
Neg-Pool8-6-16-ITS,CCGCAATAGGGT
Neg-Pool8-6-17-ITS,TTCCGAGTCTAA
Neg-Pool8-6-18-ITS,GTGATAGTGCCG
Neg-Pool8-6-19-ITS,ATCCGTCATAAC
Neg-Pool8-6-20-ITS,TACTTACTGCAG
Neg-Pool8-6-21-ITS,GATACGTCCTGA
Neg-Pool8-6-22-ITS,TCATACTGCTAG
Neg-Pool8-6-23-ITS,AGCATATGAGAG
Neg-Pool8-6-24-ITS,TGAGGTCTTGAC
Neg-Pool8-6-25-ITS,GTCGTGTGTCAA
Pos-Pool8-6-01-ITS,CCTTAAGTCAGT
Pos-Pool8-6-02-ITS,AACAATGGTAGG
Pos-Pool8-6-03-ITS,AGGGTTCCAGTT
Pos-Pool8-6-04-ITS,CCAGTAGTCTTA
R-T0-CCC1-ITS,CGTATTGCTTGA
R-T0-CCC2-ITS,CGGTACTTGCAA
R-T0-CCC3-ITS,AGTGAGAGAAGC
R-T0-CCC4-ITS,GACCGTAAACTC
S-T2-1-ITS,CTTAATTCCAGG
S-T2-2-ITS,CTTCAGTTCGCC
S-T2-3-ITS,ACTCTCAAGTGG
S-T2-4-ITS,AGCTTCGATTCA
S-T2-5-ITS,GTATTCGACTTG
S-T2-D012-ITS,GAAATGAAGTGC
S-T2-D041-ITS,ACTCCACCACCT
S-T2-D084-ITS,ACTGCCATTAAC
S-T2-D144-ITS,TGGTTGACCGAG
S-T2-LB111-ITS,TTCTCACCTTTC
Z-T1-CHH1-ITS,TATCTCGAACTG
Z-T1-CHH2-ITS,TGTAGGGTCTCA
Z-T1-CHH3-ITS,TCAGGCGCTTAA
Z-T1-CHH4-ITS,GGATCTGGTACG
Z-T2-CCC1-ITS,ATCTTCCGATAG
Z-T2-CCC2-ITS,GCTTATCATTGG
Z-T2-CCC3-ITS,CCGGTATGCAAG
Z-T2-CCC4-ITS,CATCCTGCATCC
Z-T2-CCH1-ITS,ATCAAAGGGCAA
Z-T2-CCH2-ITS,CTGAAGAAACGA
Z-T2-CCH3-ITS,TGGTACAGTACC
Z-T2-CCH4-ITS,CGACGAGTTTGG
Z-T2-CGC1-ITS,TCTTTCAGAGAC
Z-T2-CGC2-ITS,CACGTGACATGT
Z-T2-CGC3-ITS,CCGTCTAAACAT
Z-T2-CGC4-ITS,ATTATCGTGCAC
Z-T2-CGH1-ITS,AACAAGCAGAAC
Z-T2-CGH2-ITS,GTGGCGATACAC
Z-T2-CGH3-ITS,CCAGCGCTAAAG
Z-T2-CGH4-ITS,CAACGCAGTTTG
Z-T2-D011-ITS,TGGTGACTCGGA
Z-T2-D012-ITS,TTAGTGCGTTTG
Z-T2-D013-ITS,TTCACCATAGGT
Z-T2-D014-ITS,AGAACGACCACC
Z-T2-D021-ITS,CGGAAGTGTCTG
Z-T2-D022-ITS,GCCAAGCTACAG
Z-T2-D023-ITS,GCAGCCGAGTAT
Z-T2-D024-ITS,ACTTGAGTGCGG
Z-T2-D031-ITS,AGGTCTAGGGTC
Z-T2-D032-ITS,TACCTTGGGTGA
Z-T2-D033-ITS,CTTACGAGGCAT
Z-T2-D034-ITS,TCGCCGCTTTCA
Z-T2-D041-ITS,CTAATTACACGC
Z-T2-D042-ITS,TAATGCGTCCAG
Z-T2-D043-ITS,CACTTGTCCCTT
Z-T2-D044-ITS,CTTCTAAGGAGC
Z-T2-D051-ITS,AACTATAGCCCT
Z-T2-D052-ITS,AAGCACCTACAC
Z-T2-D053-ITS,GGACTCAGCAAC
Z-T2-D054-ITS,CGCTCTTTGTTC
Z-T2-D061-ITS,CATCGTATCAAC
Z-T2-D062-ITS,AGAGCGCCGTTA
Z-T2-D063-ITS,TGCGAACGTATC
Z-T2-D064-ITS,CTAATCCGGAAC
Z-T2-D071-ITS,TGAAACTTCGCG
Z-T2-D072-ITS,ATGGGAATGGGA
Z-T2-D073-ITS,GCTTGCGAGACA
Z-T2-D074-ITS,ACTGATCCTAGT
Z-T2-D081-ITS,TACCTAATCGGT
Z-T2-D082-ITS,TCAACTAATGCC
Z-T2-D083-ITS,GCTAGATGCCAG
Z-T2-D084-ITS,GCATTGCGTGAG
Z-T2-D091-ITS,GTCGTTAAGCGT
Z-T2-D092-ITS,CGCAATCGGTAG
Z-T2-D093-ITS,CGTACAGTTATC
Z-T2-D094-ITS,GAGAAAGACGGT
Z-T2-D101-ITS,GTCCGCTGAATA
Z-T2-D102-ITS,CGCAGACAGACT
Z-T2-D103-ITS,ATATGCCAGTGC
Z-T2-D104-ITS,CGAATGACGCCA
Z-T2-D111-ITS,TCTCGAGCAAAC
Z-T2-D112-ITS,GTAACCGTAACC
Z-T2-D113-ITS,CGAGCAGCACAT
Z-T2-D114-ITS,TGTCCAGGTTTA
Z-T2-D121-ITS,TTGTCAATTCGG
Z-T2-D122-ITS,GCCTATACTACA
Z-T2-D123-ITS,AGCAACGGACTC
Z-T2-D124-ITS,GGCAGTGTATCG
Z-T2-D131-ITS,GATCAACTACCG
Z-T2-D132-ITS,GTGACCTGATGT
Z-T2-D133-ITS,CTATAGTCGTGT
Z-T2-D134-ITS,ACATCACTTAGC
Z-T2-D141-ITS,ACTCCGAGGATT
Z-T2-D142-ITS,TTAGCCCATAGT
Z-T2-D143-ITS,CGAACTCAATGC
Z-T2-D144-ITS,TATGACGGTTCT
Z-T2-D151-ITS,GATATGCGGCTG
Z-T2-D152-ITS,GGTCGGTAAGCT
Z-T2-D153-ITS,GGAGTTTCCACA
Z-T2-D154-ITS,ATTTCACGGGAC
Z-T2-LB011-ITS,AAGGCCTGACTG
Z-T2-LB012-ITS,ATGCAGCTCAGT
Z-T2-LB021-ITS,GCCGCTTAATAG
Z-T2-LB022-ITS,CGGCCACAGTAA
Z-T2-LB031-ITS,TGGGCCTTATAT
Z-T2-LB032-ITS,GGCGAATCTTGG
Z-T2-LB041-ITS,GGTTCACCATAG
Z-T2-LB042-ITS,TCGCTGTAACAG
Z-T2-LB051-ITS,TAAATCAGCCTC
Z-T2-LB052-ITS,CCGGGATTTCAA
Z-T2-LB061-ITS,ATAGAGGGTGGA
Z-T2-LB062-ITS,TCTGACCAATAC
Z-T2-LB071-ITS,TGATGCTAACTC
Z-T2-LB072-ITS,GGAGAATGTGAT
Z-T2-LB081-ITS,GTTTCGTACGTA
Z-T2-LB082-ITS,GGAACGTAACAA
Z-T2-LB091-ITS,GATTCAAGCTTC
Z-T2-LB092-ITS,CGAATCGACACT
Z-T2-LB101-ITS,TACGACTTTAGC
Z-T2-LB102-ITS,CTCGGATGGTGA
Z-T2-LB111-ITS,GGAACTAGCCGT
Z-T2-LB112-ITS,GGTAGACTTCGT
Z-T2-LB121-ITS,CTAGTGGTGGGT
Z-T2-LB122-ITS,TTAGCGTCACGA
Z-T2-MCC1-ITS,ATGAGGAATAGC
Z-T2-MCC2-ITS,TCCCTATCGGTC
Z-T2-MCC3-ITS,GGCGCGGTTTAA
Z-T2-MCC4-ITS,AGGCGACCTTAT
Z-T2-MCH1-ITS,CACTTAGGTACT
Z-T2-MCH2-ITS,CATCATGAGGCT
Z-T2-MCH3-ITS,ACTCGATTCGAT
Z-T2-MCH4-ITS,TAGACCTAGACC
Z-T2-MGC1-ITS,TGAAGGTCCCAT
Z-T2-MGC2-ITS,CGCAGGATACTT
Z-T2-MGC3-ITS,CGTTCCTCACGT
Z-T2-MGC4-ITS,ATGAATCCCGCA
Z-T2-MGH1-ITS,TACAGCAATCCG
Z-T2-MGH2-ITS,GCGGAGCCTATA
Z-T2-MGH3-ITS,TGCGGTCATTGA
Z-T2-MGH4-ITS,ACGCGATACTGG
