# of Sample	Sample Name:	Golay Barcode
1	Neg-8-1-16S	ATGTTAGGGAAT
2	Z-T1-SW63-16S	GCTAGTTATGGA
3	Z-T1-SW23-16S	TCATCCGTCGGC
4	Z-T1-SW53-16S	ATTTGGCTCTTA
5	Z-T1-SW64-16S	GATCCGGCAGGA
6	Z-T3-LB122-16S	GTTAAGCTGACC
7	Z-T3-LB021-16S	CAATAGAATAAG
8	S-T0-SW14-16S	ACATAGCGGTTC
9	S-T0-SW43-16S	GCGTGGTCATTA
10	S-T0-SW54-16S	CGGATCTAGTGT
11	S-T3-SW11-16S	AAGTGGCTATCC
12	Z-T1-SW21-16S	ACTAGTTGGACC
13	Z-T1-SW61-16S	GGCTTCGGAGCG
14	Z-T1-SW14-16S	CGCGTCAAACTA
15	Z-T1-SW13-16S	CTTCCAACTCAT
16	Z-T3-LB061-16S	GCCTAGCCCAAT
17	Z-T3-LB112-16S	GTTAGGGAGCGA
18	Z-T3-LB062-16S	TATACCGCTGCG
19	S-T0-SW21-16S	CTTACACTGCTT
20	Neg-8-2-16S	CCTGCACCTGCA
21	S-T0-SW61-16S	AGGACAAACTAT
22	S-T0-SW34-16S	ATAACGGTGTAC
23	S-T3-SW23-16S	GTCGTTACCCGC
24	Z-T1-SW54-16S	CGCAAGCCCGCG
25	Pos-8-1-16S	CGGTCAATTGAC
26	Z-T1-SW34-16S	ATGTTCCTCATC
27	Z-T1-SW22-16S	CGACCTCGCATA
28	Z-T3-LB051-16S	CATTCGTGGCGT
29	Z-T3-LB102-16S	AGTACGCAGTCT
30	Z-T3-LB072-16S	CAGTGCACGTCT
31	S-T0-SW41-16S	ACTCACAGGAAT
32	S-T0-SW53-16S	TGGTGTTTATAT
33	S-T0-SW51-16S	TCTTCCTAAAGT
34	S-T3-SW51-16S	AGTATATGTTTC
35	Z-T1-SW52-16S	AGAGCGGAACAA
36	Z-T1-SW44-16S	TCCGCTGCTGAC
37	Neg-8-3-16S	TCCGTGGTATAG
38	Z-T3-LB031-16S	GCGGTCGGTCAG
39	Z-T3-LB101-16S	TATCCTGGTTTC
40	Z-T3-LB041-16S	CTGGTGCTGAAT
41	Neg-8-4-16S	GTTGAAGCACCT
42	S-T0-SW31-16S	GTGCGGTTCACT
43	S-T0-SW62-16S	CACAGTTGAAGT
44	S-T3-SW52-16S	GGCTCGTCGGAG
45	Z-T1-SW43-16S	ACATGGGCGGAA
46	Z-T1-SW32-16S	TGCGCGCCTTCC
47	Z-T1-SW11-16S	GTTGGTTGGCAT
48	Z-T3-LB091-16S	GAACGATCATGT
49	Z-T3-LB092-16S	CTGGTCTTACGG
50	Z-T3-LB012-16S	ACAAAGGTATCA
51	S-T0-SW63-16S	GTAAACGACTTG
52	S-T0-SW22-16S	TAGCGCGAACTT
53	S-T0-SW42-16S	GCGCTTAGAATA
54	S-T0-SW64-16S	GCAAAGGCCCGC
55	S-T3-SW54-16S	GACATCTGACAC
56	Z-T1-SW31-16S	CTGCGGATATAC
57	Z-T1-SW33-16S	GCGCACACCTTC
58	Z-T1-SW12-16S	AACGGGCGACGT
59	Z-T3-LB111-16S	CTCCACATTCCT
60	Z-T3-LB081-16S	CGAACGTCTATG
61	Z-T3-LB052-16S	TGAACCCTATGG
62	S-T0-SW33-16S	TTGGACGTCCAC
63	S-T0-SW32-16S	ATGTAGGCTTAG
64	S-T0-SW11-16S	AGAGGAGTCGAC
65	Neg-8-5-16S	CTCCCACTAGAG
66	S-T3-SW62-16S	AATTTCCTAACA
67	Z-T1-SW41-16S	GTGAGGGCAAGT
68	Z-T1-SW42-16S	CACGAAAGCAGG
69	Z-T1-SW24-16S	TACTGAGCCTCG
70	Pos-8-2-16S	TCTTCGCAGCAG
71	Z-T3-LB071-16S	CAGTCCCTGCAC
72	Z-T3-LB011-16S	ATCAAGATACGC
73	Z-T3-LB042-16S	AATAAGCAATAG
74	S-T0-SW23-16S	GCACGCGAGCAC
75	S-T0-SW24-16S	GTCTCCTCCCTT
76	S-T0-SW52-16S	AATAGATGCTGA
77	Neg-8-6-16S	ATATTGGCAGCC
78	Z-T1-SW51-16S	CGTGGCTTTCCG
79	Z-T1-SW62-16S	GGTGCAGACAGA
80	Z-T3-LB121-16S	CACGCTATTGGA
81	Z-T3-LB032-16S	TGATTTAATTGC
82	Z-T3-LB022-16S	CTGAGGCCCTTC
83	Z-T3-LB082-16S	TATGGGTAGCTA
84	S-T0-SW13-16S	CTTAGGCATGTG
85	S-T0-SW44-16S	AGTATCATATAT
86	S-T0-SW12-16S	AACGCTTCTTAT
87	L-T3-LB051-16S	ATGTGGCGTGTT
88	L-T3-LB091-16S	AGACATACCGTA
89	L-T1-SW11-16S	ACCTCTATTCGT
90	L-T1-SW31-16S	AGTGAAATACTG
91	L-T1-SW51-16S	ACCTTCGCGCAC
92	L-T3-MGH4-16S	GATTTAGAGGCT
93	L-T3-LB052-16S	CTCGAGCGTACT
94	L-T3-LB092-16S	GCTGTGATTCGA
95	L-T1-SW12-16S	CTGCCCTCGATG
96	L-T1-SW32-16S	TTGGGTACACGT
97	L-T1-SW52-16S	GATATCGATGAA
98	L-T3-CCC3-16S	AACGCGAAATTC
99	L-T3-LB061-16S	GCCGAACGCCGA
100	L-T3-LB101-16S	GTCTAGTATTTC
101	L-T1-SW13-16S	AAGCATTGAGAT
102	L-T1-SW33-16S	CCGCTGATGTCA
103	L-T1-SW53-16S	ACCCTCAGCCCA
104	L-T3-LB011-16S	GGTGACTAGTTC
105	L-T3-LB062-16S	TGCGTGGGTGGA
106	L-T3-LB102-16S	ACTATATTAGCT
107	L-T1-SW14-16S	TTCTGGTCTTGT
108	L-T1-SW34-16S	TCCAGGGCTATA
109	L-T1-SW54-16S	GACTATAATGGC
110	L-T3-LB021-16S	ATCACCAGGTGT
111	L-T3-LB071-16S	TTGGGCCACATA
112	L-T3-LB111-16S	TCTATCTGGCTT
113	L-T1-SW21-16S	ATACCTAAATAT
114	L-T1-SW41-16S	GCCTGCAGTACT
115	L-T1-SW61-16S	ATGGTTCACCCG
116	L-T1-SW41-16S	CCGTGGACCAGG
117	L-T3-LB072-16S	GCACATAGTCGT
118	L-T3-LB112-16S	AGCCACCCGGGA
119	L-T1-SW22-16S	ATGTCTTCAACT
120	L-T1-SW42-16S	ACGCACATACAA
121	L-T1-SW62-16S	ATGTCCGACCAA
122	L-T1-SW13-16S	ATTTCGACCCGG
123	L-T3-LB081-16S	CTCTCGGCGTAA
124	L-T3-LB121-16S	CGAGATAGTTTG
125	L-T1-SW23-16S	CTGCAAGCCTGT
126	L-T1-SW43-16S	GTTCAACAGCTG
127	L-T1-SW63-16S	CGTTTCAAGGAC
128	Neg-8-7-16S	GCGAGCGAAGTA
129	L-T3-LB082-16S	CGACCGGTGAAG
130	L-T3-LB122-16S	CCTCTCGGGTTG
131	L-T1-SW24-16S	GATGGCGGACTG
132	L-T1-SW44-16S	ATCTTGGAGTCG
133	L-T1-SW64-16S	TGCCCTCCGTAG
134	Pos-8-3-16S	GTTGTGGGCGCG
135	Z-T3-CGH3-16S	TTGCACCGTCGA
136	Z-T3-CCH3-16S	CTCCGAACAACA
