Sample_ID,Index
R-T0-MGC2_ITS,CGCAAATTCGAC
Pos-D01_ITS,CGTTTAGAGTCG
L-T1-D152_ITS,CTTGCTGAAGAC
R-T1-D131_ITS,GGAGGTTATCCG
L-T0-LB102_ITS,TAACTCTGATGC
R-T0-LB011_ITS,TACGATGACCAC
R-T1-LB022_ITS,TTCGCCCTTCAG
L-T1-LB102_ITS,ATTCTGTGAGCG
R-T0-MCC2_ITS,GCACTACCGAAT
R-T1-LB101_ITS,GGTAACAGCTCG
R-T1-CCC1_ITS,CAGCATGTGTTG
R-T0-LB112_ITS,ACGTGAGAGAAT
L-T1-D154_ITS,TAAAGTCACCCT
L-T1-CCH4_ITS,GATAGCTGTCTT
R-T1-D062_ITS,TGACCGGTCAAT
R-T0-MGC1_ITS,TGTGATGGAGAA
R-T0-CGH4_ITS,TCGCATGAAGTC
L-T0-D014_ITS,TTGCAGACAGGC
L-T1-D012_ITS,GAGGCCATCAGT
L-T0-LB051_ITS,TGCGGCATCGAA
R-T1-D061_ITS,ACACGAGCCACA
L-T0-LB071_ITS,CTCCTGAAAGTT
L-T0-MGH1_ITS,TTATCACGTGCA
R-T0-D061_ITS,TGGACACCGAAC
L-T0-D021_ITS,CCTCTACCTACG
R-T0-D043_ITS,ATGTACGGCGAC
R-T1-D121_ITS,TAATCGGATTCC
R-T1-LB032_ITS,AACCATCGGGTG
L-T1-D102_ITS,GTCGTCCTAAAT
L-T0-D101_ITS,CCTTGGCTATCC
Neg-D01_ITS,CGTAACCAACCA
L-T0-D142_ITS,CATTTGGACGAC
L-T0-LB072_ITS,TGGAGCACGTTG
R-T1-D111_ITS,GCGACTTGTGTA
R-T0-LB042_ITS,ATTCATGGACGC
L-T0-D023_ITS,GTTACGCATTAC
NAA-D01_ITS,TACCTCTCAGAA
R-T1-D122_ITS,GCGTGTTAAACC
L-T1-LB042_ITS,CTCCTACTGTCT
L-T1-LB022_ITS,GTAAGTCGTGGC
R-T0-CCH1_ITS,TTCCGTAGGGAT
L-T0-MCH1_ITS,CCTAATGGAACC
L-T0-D133_ITS,ATTATACCTCGG
L-T1-D153_ITS,GCTAATTACGCT
L-T0-MGC1_ITS,GTCATTCACGAG
R-T0-MGH3_ITS,AGATAGGACAGG
R-T0-D111_ITS,GGTAGGAACAAT
L-T0-MCC1_ITS,ACACAAAGGGAG
R-T1-CGH2_ITS,CATCGGTCAAGG
R-T1-CGC2_ITS,CAAGTTTACGGC
R-T0-LB062_ITS,CTGGAAATCTGC
L-T0-D084_ITS,GACTGATCATCT
R-T1-D091_ITS,AGAACACGTCTC
L-T1-D032_ITS,GTGCCGGTGATA
R-T0-D052_ITS,ATCTCTGGCATA
L-T0-D132_ITS,TGATTTGGACCT
L-T1-D083_ITS,TGTGAGCACGGT
Neg-P02_ITS,TGAGGATGATAG
L-T0-D022_ITS,CTGTAGGAGACC
L-T1-LB122_ITS,CCTTAAGTCAGT
R-T1-LB021_ITS,AACGGCAGCATC
L-T0-LB112_ITS,ACCGGCTAGAGT
R-T0-D012_ITS,CACGAGGTCATT
R-T0-D141_ITS,TGCTATATCTGG
L-T0-D093_ITS,AAGTGGACTCTC
L-T1-D112_ITS,TACGTCCCGTTC
L-T1-LB081_ITS,AAGCCTACACGT
R-T0-D024_ITS,CTGGCCTAGGAA
R-T1-CCC2_ITS,TGAGTTCGCTAT
L-T0-LB032_ITS,CACACAGCGTTA
L-T0-MCH2_ITS,TCGAGTTTGGTT
L-T1-D011_ITS,TCCAGGCTTAAT
L-T0-LB042_ITS,GATAGAAAGCCA
L-T0-D111_ITS,TGTTTGAGCTGT
L-T1-D062_ITS,ATGGATACGCTC
L-T0-LB111_ITS,CCATTCGCCCAT
L-T0-D102_ITS,TACCCAGAGATC
L-T1-MCH1_ITS,ACCCGTATGATG
R-T0-D074_ITS,CCATAATCCGTA
R-T0-D133_ITS,TTACGAGACGGC
L-T0-D113_ITS,CGATTTCTCAAG
R-T1-D041_ITS,TGTGCTGTGTAG
R-T1-LB071_ITS,ACGTAGCATTTC
L-T0-MCC3_ITS,CGAGATACCCAG
L-T0-D051_ITS,CAACGGGTAGTC
Pos-D02_ITS,AGTTTGCAACGC
L-T0-MGH2_ITS,ACTTATGCGGTT
L-T1-MGH2_ITS,AAGGTGTAAGGT
L-T0-MCC2_ITS,GTAAGCACCTAC
L-T1-CGH2_ITS,CATCCAAATGCG
R-T0-D142_ITS,CGCACATGTTAT
L-T1-MCC3_ITS,CGCAATCGGTAG
L-T0-CCC1_ITS,CGAATCGACACT
R-T0-LB061_ITS,GCCGCTTAATAG
L-T0-D123_ITS,AACAATGGTAGG
R-T1-D113_ITS,TACCTTGGGTGA
L-T0-D143_ITS,GTATGACTGGCT
L-T0-D121_ITS,AGAGCGCCGTTA
R-T1-D143_ITS,TCTCGAGCAAAC
L-T0-D042_ITS,TTAGTGCGTTTG
L-T1-D104_ITS,CGCTCTTTGTTC
R-T1-CGH1_ITS,ACATCACTTAGC
R-T1-D072_ITS,CACTTGTCCCTT
R-T1-MCH2_ITS,AGCAACGGACTC
R-T1-D031_ITS,GGTTCACCATAG
R-T0-D152_ITS,ATCCCTTGGTCC
R-T1-CGC4_ITS,TCTGACCAATAC
L-T0-D041_ITS,CGTACAGTTATC
L-T1-MCC2_ITS,TGTCCAGGTTTA
R-T0-D054_ITS,TTGTCAATTCGG
L-T1-LB012_ITS,GCTAGATGCCAG
R-T1-D112_ITS,AGAACGACCACC
R-T0-D092_ITS,TTAGCCCATAGT
R-T0-D083_ITS,CGAACTCAATGC
R-T1-D023_ITS,GGACTCAGCAAC
L-T0-D131_ITS,TATGACGGTTCT
Neg-D02_ITS,GGCGAATCTTGG
R-T0-D022_ITS,TAAATCAGCCTC
R-T0-D041_ITS,TGATGCTAACTC
R-T0-D103_ITS,AGGGTTCCAGTT
R-T1-MCH4_ITS,GCAGCCGAGTAT
L-T0-LB011_ITS,GTCGTTAAGCGT
R-T1-MCH1_ITS,GGTCGGTAAGCT
R-T0-D051_ITS,AACTATAGCCCT
R-T0-D114_ITS,GCTTGCGAGACA
R-T1-D124_ITS,GATATGCGGCTG
Neg-D03_ITS,TGCGAACGTATC
L-T1-D123_ITS,GCCTATACTACA
R-T1-D021_ITS,ATAGAGGGTGGA
R-T1-D103_ITS,TTAGCGTCACGA
R-T0-D121_ITS,GGAACTAGCCGT
L-T1-D023_ITS,GCATTGCGTGAG
Neg-D04_ITS,ATTTCACGGGAC
R-T1-CCC3_ITS,AATACACTGTCC
R-T1-MGC4_ITS,CTATAGTCGTGT
R-T0-MCC4_ITS,AAGCACCTACAC
R-T1-LB011_ITS,GACGCTAGTTCA
R-T1-D102_ITS,TGGTGACTCGGA
L-T1-D051_ITS,GACCAAAGAGGA
R-T1-D051_ITS,ATATGCCAGTGC
L-T1-D121_ITS,CTAGTGGTGGGT
L-T1-D024_ITS,CCACACCTTCTG
Neg-P03_ITS,GATTCAAGCTTC
L-T0-CGC4_ITS,TCAACTAATGCC
Neg-P04_ITS,GATCAACTACCG
R-T0-D032_ITS,TCGCCGCTTTCA
L-T1-D113_ITS,GTAACCGTAACC
L-T1-D114_ITS,GTGACCTGATGT
L-T0-LB021_ITS,CATCGTATCAAC
L-T0-LB041_ITS,CGGAAGTGTCTG
R-T0-CGH3_ITS,CTCGGATGGTGA
L-T1-D101_ITS,ACTGATCCTAGT
R-T0-LB101_ITS,GGAGAATGTGAT
R-T1-LB112_ITS,AGGTACCAGGCT
L-T1-D092_ITS,TACGACTTTAGC
L-T0-CCH3_ITS,CTTCTAAGGAGC
R-T1-D054_ITS,ATGGGAATGGGA
L-T1-LB052_ITS,CGAATGACGCCA
L-T1-LB041_ITS,ACTCCGAGGATT
L-T0-D083_ITS,TAATGCGTCCAG
L-T1-D131_ITS,TACCTAATCGGT
L-T1-D033_ITS,CGAGCAGCACAT
R-T1-MGH3_ITS,GTTTCGTACGTA
R-T0-D102_ITS,TACGCGCTGAGA
L-T0-D112_ITS,AAGGCCTGACTG
R-T1-LB092_ITS,ATGCAGCTCAGT
L-T1-D082_ITS,GGTAGACTTCGT
L-T1-MGH4_ITS,AGGTCTAGGGTC
R-T0-D153_ITS,GTCCGCTGAATA
R-T0-LB041_ITS,CTAATCCGGAAC
R-T1-CGC3_ITS,CTAATTACACGC
R-T0-LB082_ITS,GCCAAGCTACAG
R-T1-LB102_ITS,CTTACGAGGCAT
L-T1-LB021_ITS,TTCACCATAGGT
R-T0-D042_ITS,TCGCTGTAACAG
R-T0-MGC4_ITS,GAGAAAGACGGT
R-T0-D154_ITS,CGGCCACAGTAA
R-T0-CCH4_ITS,TGGGCCTTATAT
L-T1-D134_ITS,CGCAGACAGACT
R-T1-LB111_ITS,ACTTGAGTGCGG
L-T0-D012_ITS,GGAGTTTCCACA
R-T1-D152_ITS,GAACCTGCCTAA
R-T1-D011_ITS,CCAGTAGTCTTA
R-T0-D011_ITS,TGAAACTTCGCG
L-T1-D013_ITS,GGCAGTGTATCG
L-T0-D104_ITS,CCGGGATTTCAA
L-T1-LB112_ITS,GGATCTGGTACG
R-T0-D132_ITS,TAAACGAACGGA
L-T1-CGC4_ITS,AAGTGCGAAATG
Neg-D05_ITS,CCGTCTAAACAT
R-T1-D084_ITS,CACGTGACATGT
Pos-D03_ITS,CCAGCGCTAAAG
L-T1-D014_ITS,GTATTCGACTTG
R-T0-D112_ITS,CCTCACACTTGC
R-T1-CGH4_ITS,TGGTTGACCGAG
R-T1-MCC4_ITS,CCGCAATAGGGT
R-T1-MCC3_ITS,TCAGGCGCTTAA
R-T0-D064_ITS,GTAGCAACGTCT
R-T0-LB021_ITS,AAGCGCTATTCT
L-T1-LB051_ITS,CAATGTACGCTT
L-T0-D034_ITS,ATGAATCCCGCA
L-T1-CCC3_ITS,CAACGCAGTTTG
R-T0-LB111_ITS,TTCCGAGTCTAA
L-T1-MGC2_ITS,TCCCTATCGGTC
Neg-P05_ITS,CTTCAGTTCGCC
L-T1-D133_ITS,GTGATAGTGCCG
R-T1-LB082_ITS,ACTCCACCACCT
R-T0-D151_ITS,CGTTCTGGGAAT
R-T0-LB081_ITS,ATCCGTCATAAC
L-T1-D034_ITS,TGTCTGCGGAAG
L-T0-CGC2_ITS,TGCGTATAGTGC
L-T1-LB091_ITS,TCAATGCCCAGA
R-T1-D042_ITS,CATCATGAGGCT
R-T1-D064_ITS,GTGGCGATACAC
L-T1-LB072_ITS,CGACGAGTTTGG
L-T1-CCH2_ITS,CGTTCCTCACGT
L-T1-CGH3_ITS,AGCTTCGATTCA
R-T0-D063_ITS,TACTTACTGCAG
R-T0-CCH3_ITS,GCGGAGCCTATA
R-T0-D033_ITS,CCAACACACGAT
Pos-D04_ITS,GCTTATCATTGG
NAA-D02_ITS,CTTCGTGGTAGA
L-T0-D114_ITS,GATCCCGATATT
L-T0-CCH4_ITS,CCGAATGCACTA
Neg-D06_ITS,GGCGCGGTTTAA
L-T0-MGH3_ITS,CCGGTATGCAAG
L-T1-D021_ITS,ATTATCGTGCAC
R-T1-MCC1_ITS,TAGACCTAGACC
R-T0-LB022_ITS,GATACGTCCTGA
L-T0-D062_ITS,TTCTCACCTTTC
R-T1-D074_ITS,TGTGCAAGCGAC
R-T0-LB012_ITS,TGCGGTCATTGA
L-T0-CCC4_ITS,AACCGACAGCGT
L-T0-D073_ITS,AACTGAAACGAG
L-T1-MCH2_ITS,GTATAGGTTCGC
R-T1-CCH4_ITS,ATCTTCCGATAG
NAA-D03_ITS,TACAGCAATCCG
L-T1-D044_ITS,TGGTACAGTACC
R-T0-D021_ITS,ACTCGATTCGAT
R-T1-D094_ITS,TCATACTGCTAG
L-T0-D032_ITS,ACTGCCATTAAC
L-T1-D094_ITS,ATAGCTCCATAC
R-T1-D034_ITS,GTATACAGAAGG
R-T0-D093_ITS,AGCATATGAGAG
R-T1-LB121_ITS,CAGGCTAGGTAC
L-T0-D074_ITS,ACGTACTCAGTG
L-T1-LB092_ITS,CGTATTGCTTGA
R-T1-D154_ITS,ACGCGATACTGG
R-T1-CCH3_ITS,CTGAAGAAACGA
L-T1-D072_ITS,CACTTAGGTACT
L-T0-CGC3_ITS,CATCCTGCATCC
L-T1-D122_ITS,ACTCTCAAGTGG
R-T1-MCH3_ITS,GAAATGAAGTGC
Neg-D07_ITS,GTGGTGGATTCT
R-T0-LB052_ITS,CTTTGACTTGAG
R-T0-LB051_ITS,ATTTGCAGGCTG
R-T0-D123_ITS,CGGTACTTGCAA
L-T0-D061_ITS,AGTGAGAGAAGC
R-T1-D014_ITS,TGAAGGTCCCAT
L-T1-CCH3_ITS,ATGAGGAATAGC
R-T1-D092_ITS,TCTTTCAGAGAC
L-T0-LB121_ITS,AACAAGCAGAAC
L-T1-CCC4_ITS,TGAGGTCTTGAC
L-T1-D043_ITS,GGAACGTAACAA
Neg-D08_ITS,TATCTCGAACTG
R-T0-MCH1_ITS,TCTGGTGACATT
R-T1-LB062_ITS,CGACTTATGTGT
R-T0-CGH1_ITS,TCACTGGCAGTA
R-T1-D123_ITS,GACCGTAAACTC
R-T0-LB072_ITS,GTCGTGTGTCAA
R-T0-D034_ITS,AGGCGACCTTAT
L-T1-CCC2_ITS,ATCAAAGGGCAA
L-T0-LB092_ITS,CTTAATTCCAGG
L-T0-D033_ITS,TGTAGGGTCTCA
R-T1-D134_ITS,CGCAGGATACTT
L-T0-LB052_ITS,GACGACCATTTG
,
R-T0-MGC2_16S,TAGGACGGGAGT
Pos-D01_16S,TGCTACAGACGT
L-T1-D152_16S,AGGTGAGTTCTA
R-T1-D131_16S,AACGATCATAGA
L-T0-LB102_16S,AAGTCTTATCTC
R-T0-LB011_16S,TTGCACCGTCGA
R-T1-LB022_16S,CTCCGAACAACA
L-T1-LB102_16S,TCTGGCTACGAC
R-T0-MCC2_16S,AGTAGTTTCCTT
R-T1-LB101_16S,CAGATCCCAACC
R-T1-CCC1_16S,GATAGCACTCGT
R-T0-LB112_16S,GTAATTGTAATT
L-T1-D154_16S,GTTTGGCCACAC
L-T1-CCH4_16S,GATCCCACGTAC
R-T1-D062_16S,CCGCCAGCTTTG
R-T0-MGC1_16S,TCATCTTGATTG
R-T0-CGH4_16S,GTCCTACACAGC
L-T0-D014_16S,ATTTACAATTGA
L-T1-D012_16S,CCACTGCCCACC
L-T0-LB051_16S,ATAGTTAGGGCT
R-T1-D061_16S,GACCCGTTTCGC
L-T0-LB071_16S,TGACTGCGTTAG
L-T0-MGH1_16S,ACGTTAATATTC
R-T0-D061_16S,TCTAACGAGTGC
L-T0-D021_16S,TATATAGTATCC
R-T0-D043_16S,CGCTAGGATGTT
R-T1-D121_16S,AGCGGTAGCGGT
R-T1-LB032_16S,GTCAGTATGGCT
L-T1-D102_16S,ACTGTTTACTGT
L-T0-D101_16S,GTCACGGACATT
Neg-D01_16S,GAATATACCTGG
L-T0-D142_16S,GAATCTGACAAC
L-T0-LB072_16S,ATTGCCTTGATT
R-T1-D111_16S,GAGCCCAAAGAG
R-T0-LB042_16S,CCATGTGGCTCC
L-T0-D023_16S,CGTTCCTTGTTA
NAA-D01_16S,CATAAGGGAGGC
R-T1-D122_16S,CTACTTACATCC
L-T1-LB042_16S,CGCACGTACCTC
L-T1-LB022_16S,GTCCTCGCGACT
R-T0-CCH1_16S,CAGGCCACTCTC
L-T0-MCH1_16S,ACAGTTGTACGC
L-T0-D031_16S,ACCAGAAATGTC
L-T0-D133_16S,CTCATCATGTTC
L-T1-D153_16S,TTAGGATTCTAT
L-T0-MGC1_16S,CAACGAACCATC
L-T1-D041_16S,ACACGTTTGGGT
R-T0-MGH3_16S,CGTCGCAGCCTT
R-T0-D111_16S,GTGCAACCAATC
L-T0-MCC1_16S,ACCACCGTAACC
Neg-P01_16S,AGGAAGTAACTT
R-T1-CGH2_16S,CGTTCGCTAGCC
R-T1-CGC2_16S,ACCCAAGCGTTA
R-T0-LB062_16S,ACTGGCAAACCT
L-T0-D084_16S,AACACCATCGAC
R-T1-D091_16S,TTATCCAGTCCT
L-T1-D032_16S,GTTTATCTTAAG
R-T0-D052_16S,GTTCGCCGCATC
L-T0-D132_16S,AGACTATTTCAT
L-T1-D083_16S,AGCGATTCCTCG
Neg-P02_16S,CTCACCTAGGAA
L-T0-D022_16S,CGGTTGGCGGGT
L-T1-LB122_16S,CGATTCCTTAAT
R-T1-LB021_16S,TGCCTGCTCGAC
L-T0-LB112_16S,AGATGCAATGAT
L-T1-D103_16S,GCATTCGGCGTT
R-T0-D012_16S,TCTACATACATA
R-T1-D082_16S,GAGTCTTGGTAA
R-T0-D141_16S,CAGTCTAGTACG
L-T0-D093_16S,GTTCGAGTGAAT
L-T1-D112_16S,AGTCCGAGTTGT
L-T1-LB081_16S,CGTGAGGACCAG
R-T0-D024_16S,TACTGTACTGTT
R-T1-CCC2_16S,CCACCGGGCCGA
L-T0-LB032_16S,AATCCGGTCACC
L-T0-MCH2_16S,TCTTACCCATAA
L-T1-D011_16S,TCTCGCACTGGA
L-T0-LB042_16S,ACCAGTGACTCA
L-T0-D111_16S,TGGCGCACGGAC
L-T1-D062_16S,CATTTACATCAC
L-T0-LB111_16S,GTGGGACTGCGC
L-T0-D102_16S,CGGCCTAAGTTC
L-T1-MCH1_16S,GCTGAGCCTTTG
R-T0-D074_16S,AGAGACGCGTAG
R-T0-D133_16S,CTAGAGCTCCCA
L-T0-D113_16S,TATGTGCCGGCT
R-T1-D041_16S,ATACCGTCTTTC
R-T1-LB071_16S,TGTGCTTGTAGG
L-T0-MCC3_16S,GGTCTTAGCACC
L-T0-D051_16S,GCCTACTCTCGG
Pos-D02_16S,ACTGCCCGATAC
L-T0-MGH2_16S,TTCTTAACGCCT
L-T1-MGH2_16S,CTCCCGAGCTCC
L-T0-MCC2_16S,TAGACTTCAGAG
L-T1-CGH2_16S,ACTTAGACTCTT
R-T0-D142_16S,GGACCTGGATGG
,
L-T1-MCC3_16S,ATGTTAGGGAAT
L-T0-CCC1_16S,GCGTGGTCATTA
R-T0-LB061_16S,GATTCTTTAGAT
L-T0-D123_16S,CGGATCTAGTGT
R-T1-D113_16S,GCTAGTTATGGA
L-T0-D143_16S,TCATCCGTCGGC
L-T0-D121_16S,ATTTGGCTCTTA
R-T1-D143_16S,GATCCGGCAGGA
L-T0-D042_16S,GTTAAGCTGACC
L-T1-D104_16S,CCTATTGCGGCC
R-T1-CGH1_16S,CAATAGAATAAG
R-T1-D072_16S,ACATAGCGGTTC
R-T1-MCH2_16S,AAGTGGCTATCC
R-T1-D031_16S,CCTGCACCTGCA
R-T0-D152_16S,AGGACAAACTAT
R-T1-CGC4_16S,ATAACGGTGTAC
L-T0-D041_16S,ACTAGTTGGACC
L-T1-MCC2_16S,GGCTTCGGAGCG
R-T0-D054_16S,CGCGTCAAACTA
L-T1-LB012_16S,CTTCCAACTCAT
R-T1-D112_16S,GCCTAGCCCAAT
R-T0-D092_16S,GTTAGGGAGCGA
R-T0-D083_16S,TATACCGCTGCG
R-T1-D023_16S,CTTACACTGCTT
L-T0-D131_16S,GTCGTTACCCGC
Neg-D02_16S,TGGTGTTTATAT
R-T0-D022_16S,TCTTCCTAAAGT
R-T0-D041_16S,GCCCTTCCCGTG
R-T0-D103_16S,CGCAAGCCCGCG
R-T1-MCH4_16S,CGGTCAATTGAC
L-T0-LB011_16S,ATGTTCCTCATC
R-T1-MCH1_16S,CGACCTCGCATA
R-T0-D051_16S,CATTCGTGGCGT
R-T0-D114_16S,AGTACGCAGTCT
R-T1-D124_16S,CAGTGCACGTCT
Neg-D03_16S,ACTCACAGGAAT
L-T1-D123_16S,AGTATATGTTTC
R-T1-D021_16S,GTGCGGTTCACT
R-T1-D103_16S,CTTGTGCGACAA
R-T0-D121_16S,CACAGTTGAAGT
L-T1-D023_16S,AGAGCGGAACAA
Neg-D04_16S,TCCGCTGCTGAC
R-T1-CCC3_16S,TCCGTGGTATAG
R-T1-MGC4_16S,GTCAGAGTATTG
R-T0-MCC4_16S,GCGGTCGGTCAG
R-T1-LB011_16S,TATCCTGGTTTC
R-T1-D102_16S,CTGGTGCTGAAT
L-T1-D051_16S,GTTGAAGCACCT
R-T1-D051_16S,GGCTCGTCGGAG
L-T1-D121_16S,TAGCGCGAACTT
L-T1-D024_16S,GCGCTTAGAATA
Neg-P03_16S,GCAAAGGCCCGC
L-T0-CGC4_16S,ACATGGGCGGAA
Neg-P04_16S,TGCGCGCCTTCC
R-T0-D032_16S,GTTGGTTGGCAT
L-T1-D113_16S,GAACGATCATGT
L-T1-D114_16S,TCAGTCAGATGA
L-T0-LB021_16S,CTGGTCTTACGG
L-T0-LB041_16S,ACAAAGGTATCA
R-T0-CGH3_16S,GTAAACGACTTG
L-T1-D101_16S,GACATCTGACAC
R-T0-LB101_16S,ATGTAGGCTTAG
R-T1-LB112_16S,AGAGGAGTCGAC
L-T1-D092_16S,CTCCCACTAGAG
L-T0-CCH3_16S,CTGCGGATATAC
R-T1-D054_16S,GCGCACACCTTC
L-T1-LB052_16S,AACGGGCGACGT
L-T1-LB041_16S,CTCCACATTCCT
L-T0-D083_16S,CGAACGTCTATG
L-T1-D131_16S,ATGCCGGTAATA
L-T1-D033_16S,TGAACCCTATGG
R-T1-MGH3_16S,TTGGACGTCCAC
R-T0-D102_16S,AATTTCCTAACA
L-T0-D112_16S,GCATTACTGGAC
R-T1-LB092_16S,GTCTCCTCCCTT
L-T1-D082_16S,AATAGATGCTGA
L-T1-MGH4_16S,GTGAGGGCAAGT
R-T0-D153_16S,CACGAAAGCAGG
R-T0-LB041_16S,TACTGAGCCTCG
R-T1-CGC3_16S,TCTTCGCAGCAG
R-T0-LB082_16S,CAGTCCCTGCAC
R-T1-LB102_16S,ATCAAGATACGC
L-T1-LB021_16S,AATAAGCAATAG
R-T0-D042_16S,GCACGCGAGCAC
R-T0-MGC4_16S,ATAAACGGACAT
R-T0-D031_16S,TCCGGACTCCTG
R-T0-D154_16S,AGTATCATATAT
R-T0-CCH4_16S,AACGCTTCTTAT
L-T1-D134_16S,ATATTGGCAGCC
R-T1-LB111_16S,CGTGGCTTTCCG
L-T0-D012_16S,GGTGCAGACAGA
R-T1-D152_16S,CACGCTATTGGA
R-T1-D011_16S,TGATTTAATTGC
R-T0-D011_16S,CTGAGGCCCTTC
L-T1-D013_16S,TATGGGTAGCTA
L-T0-D104_16S,CTTAGGCATGTG
,
L-T1-LB112_16S,TGTGTTACTCCT
R-T0-D132_16S,AGTGAAATACTG
L-T1-CCH1_16S,ACCTTCGCGCAC
L-T1-CGC4_16S,GATTTAGAGGCT
Neg-D05_16S,CCATATCCCGGA
R-T1-D084_16S,TTGACGACATCG
Pos-D03_16S,TACCAATCGGTG
R-T0-D053_16S,ATCTGGACGATC
L-T1-D014_16S,ACTCGTGATAGC
R-T0-D112_16S,ATGTGGCGTGTT
R-T1-CGH4_16S,AGACATACCGTA
R-T1-MCC4_16S,ACCTCTATTCGT
R-T1-MCC3_16S,AAGGCTGGGCAC
R-T0-D064_16S,TTGGGTACACGT
R-T0-LB021_16S,GATATCGATGAA
L-T1-LB051_16S,AACGCGAAATTC
L-T0-D034_16S,CGATAGGCCTTA
L-T1-CCC3_16S,TAAGATGCAGTC
R-T0-LB111_16S,TCCGCAACCTGA
L-T1-MGC2_16S,AGCCGACTCTGT
Neg-P05_16S,GTGTTCCCAGAA
L-T1-D133_16S,CTCGAGCGTACT
R-T1-LB082_16S,GCTGTGATTCGA
R-T0-D151_16S,CTGCCCTCGATG
R-T0-LB081_16S,GTGAGCACGCAG
L-T1-D034_16S,CCGCTGATGTCA
L-T0-CGC2_16S,ACCCTCAGCCCA
L-T1-LB091_16S,GGTGACTAGTTC
R-T1-D042_16S,CGATCGAACACT
R-T1-D064_16S,TTCGCTAACCTT
L-T1-LB072_16S,GCAGGGTCGAAC
L-T1-CCH2_16S,TAGAGGCGTAGG
L-T1-CGH3_16S,CAGGTAATAATG
R-T0-D063_16S,GCCGAACGCCGA
R-T0-CCH3_16S,GTCTAGTATTTC
R-T0-D033_16S,AAGCATTGAGAT
Pos-D04_16S,CCGTCAAGATGT
NAA-D02_16S,TCCAGGGCTATA
L-T0-D114_16S,GACTATAATGGC
L-T0-CCH4_16S,ATCACCAGGTGT
Neg-D06_16S,AGCTGCACCTAA
L-T0-MGH3_16S,GGAGTGCCCGAA
L-T1-D021_16S,CATGACGCCTCC
R-T1-MCC1_16S,GTATTATGACTT
R-T0-LB022_16S,CATAATCTTGCT
L-T0-D062_16S,TGCGTGGGTGGA
L-T0-D152_16S,ACTATATTAGCT
R-T1-D074_16S,TTCTGGTCTTGT
R-T0-LB012_16S,AATTGAATTTAC
L-T0-CCC4_16S,GCCTGCAGTACT
L-T0-D073_16S,ATGGTTCACCCG
L-T1-MCH2_16S,CCGTGGACCAGG
R-T1-CCH4_16S,AGGAAAGCCAGA
NAA-D03_16S,ATGGCTGTCAGT
L-T1-D044_16S,GAGGGTTGTCGG
R-T0-D021_16S,CCACGTACGTAA
R-T1-D094_16S,AGTAAGTCGATA
L-T0-D032_16S,TTGGGCCACATA
L-T1-D094_16S,TCTATCTGGCTT
R-T1-D034_16S,ATACCTAAATAT
R-T0-D093_16S,GTCCCTATTATC
R-T1-LB121_16S,ACGCACATACAA
L-T0-D074_16S,ATGTCCGACCAA
L-T1-LB092_16S,ATTTCGACCCGG
R-T1-D154_16S,GCGACGCGGCAT
R-T1-CCH3_16S,TGCGGTTGACTC
L-T1-D072_16S,CCAGGTTAATGC
L-T0-CGC3_16S,CGACGAGATTAT
L-T1-D122_16S,GCTACAAGCCCT
R-T1-MCH3_16S,GCACATAGTCGT
Neg-D07_16S,AGCCACCCGGGA
R-T0-LB052_16S,ATGTCTTCAACT
R-T1-LB012_16S,GGAGTTGAGGTG
R-T0-LB051_16S,GTTCAACAGCTG
R-T0-D123_16S,CGTTTCAAGGAC
L-T0-D061_16S,GCGAGCGAAGTA
R-T1-D014_16S,GCGCAATAGTAT
L-T1-CCH3_16S,CACATATTGGGC
R-T1-D092_16S,CATGTTGGAACA
L-T0-LB121_16S,ACCCGACGGGAC
L-T1-CCC4_16S,AGGTCATCTTGG
L-T1-D043_16S,CTCTCGGCGTAA
Neg-D08_16S,CGAGATAGTTTG
R-T0-MCH1_16S,CTGCAAGCCTGT
L-T1-D142_16S,ATCTCTGGCGCC
R-T1-LB062_16S,ATCTTGGAGTCG
R-T0-CGH1_16S,TGCCCTCCGTAG
R-T1-D123_16S,GTTGTGGGCGCG
Neg-P06_16S,AGACGACGTGGA
R-T0-LB072_16S,ACTTCATCGTAT
R-T0-D034_16S,TGTGATCTTTAC
L-T1-CCC2_16S,TCCTCCGGTTGG
L-T0-LB092_16S,AACTTCACTTCC
L-T0-D033_16S,CGACCGGTGAAG
R-T1-D134_16S,CCTCTCGGGTTG
L-T0-LB052,GATGGCGGACTG
