# of Samples	Sample Name:	Golay Barcode
1	R-T0-MGC2_ITS	GTCGAATTTGCG
2	Pos-D01_ITS	CGACTCTAAACG
3	L-T1-D152_ITS	GTCTTCAGCAAG
4	R-T1-D131_ITS	CGGATAACCTCC
5	L-T0-LB102_ITS	GCATCAGAGTTA
6	R-T0-LB011_ITS	GTGGTCATCGTA
7	R-T1-LB022_ITS	CTGAAGGGCGAA
8	L-T1-LB102_ITS	CGCTCACAGAAT
9	R-T0-MCC2_ITS	ATTCGGTAGTGC
10	R-T1-LB101_ITS	CGAGCTGTTACC
11	R-T1-CCC1_ITS	CAACACATGCTG
12	R-T0-LB112_ITS	ATTCTCTCACGT
13	L-T1-D154_ITS	AGGGTGACTTTA
14	L-T1-CCH4_ITS	AAGACAGCTATC
15	R-T1-D062_ITS	ATTGACCGGTCA
16	R-T0-MGC1_ITS	TTCTCCATCACA
17	R-T0-CGH4_ITS	GACTTCATGCGA
18	L-T0-D014_ITS	GCCTGTCTGCAA
19	L-T1-D012_ITS	ACTGATGGCCTC
20	L-T0-LB051_ITS	TTCGATGCCGCA
21	R-T1-D061_ITS	TGTGGCTCGTGT
22	L-T0-LB071_ITS	AACTTTCAGGAG
23	L-T0-MGH1_ITS	TGCACGTGATAA
24	R-T0-D061_ITS	GTTCGGTGTCCA
25	L-T0-D021_ITS	CGTAGGTAGAGG
26	R-T0-D043_ITS	GTCGCCGTACAT
27	R-T1-D121_ITS	GGAATCCGATTA
28	R-T1-LB032_ITS	CACCCGATGGTT
29	L-T1-D102_ITS	ATTTAGGACGAC
30	L-T0-D101_ITS	GGATAGCCAAGG
31	Neg-D01_ITS	TGGTTGGTTACG
32	L-T0-D142_ITS	GTCGTCCAAATG
33	L-T0-LB072_ITS	CAACGTGCTCCA
34	R-T1-D111_ITS	TACACAAGTCGC
35	R-T0-LB042_ITS	GCGTCCATGAAT
36	L-T0-D023_ITS	GTAATGCGTAAC
37	NAA-D01_ITS	TTCTGAGAGGTA
38	R-T1-D122_ITS	GGTTTAACACGC
39	L-T1-LB042_ITS	AGACAGTAGGAG
40	L-T1-LB022_ITS	GCCACGACTTAC
41	R-T0-CCH1_ITS	ATCCCTACGGAA
42	L-T0-MCH1_ITS	GGTTCCATTAGG
43	L-T0-D133_ITS	CCGAGGTATAAT
44	L-T1-D153_ITS	AGCGTAATTAGC
45	L-T0-MGC1_ITS	CTCGTGAATGAC
46	R-T0-MGH3_ITS	CCTGTCCTATCT
47	R-T0-D111_ITS	ATTGTTCCTACC
48	L-T0-MCC1_ITS	CTCCCTTTGTGT
49	R-T1-CGH2_ITS	CCTTGACCGATG
50	R-T1-CGC2_ITS	GCCGTAAACTTG
51	R-T0-LB062_ITS	GCAGATTTCCAG
52	L-T0-D084_ITS	AGATGATCAGTC
53	R-T1-D091_ITS	GAGACGTGTTCT
54	L-T1-D032_ITS	TATCACCGGCAC
55	R-T0-D052_ITS	TATGCCAGAGAT
56	L-T0-D132_ITS	AGGTCCAAATCA
57	L-T1-D083_ITS	ACCGTGCTCACA
58	Neg-P02_ITS	CTATCATCCTCA
59	L-T0-D022_ITS	GGTCTCCTACAG
60	L-T1-LB122_ITS	ACTGACTTAAGG
61	R-T1-LB021_ITS	GATGCTGCCGTT
62	L-T0-LB112_ITS	ACTCTAGCCGGT
63	R-T0-D012_ITS	AATGACCTCGTG
64	R-T0-D141_ITS	CCAGATATAGCA
65	L-T0-D093_ITS	GAGAGTCCACTT
66	L-T1-D112_ITS	GAACGGGACGTA
67	L-T1-LB081_ITS	ACGTGTAGGCTT
68	R-T0-D024_ITS	TTCCTAGGCCAG
69	R-T1-CCC2_ITS	ATAGCGAACTCA
70	L-T0-LB032_ITS	TAACGCTGTGTG
71	L-T0-MCH2_ITS	AACCAAACTCGA
72	L-T1-D011_ITS	ATTAAGCCTGGA
73	L-T0-LB042_ITS	TGGCTTTCTATC
74	L-T0-D111_ITS	ACAGCTCAAACA
75	L-T1-D062_ITS	GAGCGTATCCAT
76	L-T0-LB111_ITS	ATGGGCGAATGG
77	L-T0-D102_ITS	GATCTCTGGGTA
78	L-T1-MCH1_ITS	CATCATACGGGT
79	R-T0-D074_ITS	TACGGATTATGG
80	R-T0-D133_ITS	GCCGTCTCGTAA
81	L-T0-D113_ITS	CTTGAGAAATCG
82	R-T1-D041_ITS	CTACACAGCACA
83	R-T1-LB071_ITS	GAAATGCTACGT
84	L-T0-MCC3_ITS	CTGGGTATCTCG
85	L-T0-D051_ITS	GACTACCCGTTG
86	Pos-D02_ITS	GCGTTGCAAACT
87	L-T0-MGH2_ITS	AACCGCATAAGT
88	L-T1-MGH2_ITS	ACCTTACACCTT
89	L-T0-MCC2_ITS	GTAGGTGCTTAC
90	L-T1-CGH2_ITS	CGCATTTGGATG
91	R-T0-D142_ITS	ATAACATGTGCG
92	L-T1-MCC3_ITS	CTACCGATTGCG
93	L-T0-CCC1_ITS	AGTGTCGATTCG
94	R-T0-LB061_ITS	CTATTAAGCGGC
95	L-T0-D123_ITS	CCTACCATTGTT
96	R-T1-D113_ITS	TCACCCAAGGTA
97	L-T0-D143_ITS	AGCCAGTCATAC
98	L-T0-D121_ITS	TAACGGCGCTCT
99	R-T1-D143_ITS	GTTTGCTCGAGA
100	L-T0-D042_ITS	CAAACGCACTAA
101	L-T1-D104_ITS	GAACAAAGAGCG
102	R-T1-CGH1_ITS	GCTAAGTGATGT
103	R-T1-D072_ITS	AAGGGACAAGTG
104	R-T1-MCH2_ITS	GAGTCCGTTGCT
105	R-T1-D031_ITS	CTATGGTGAACC
106	R-T0-D152_ITS	GGACCAAGGGAT
107	R-T1-CGC4_ITS	GTATTGGTCAGA
108	L-T0-D041_ITS	GATAACTGTACG
109	L-T1-MCC2_ITS	TAAACCTGGACA
110	R-T0-D054_ITS	CCGAATTGACAA
111	L-T1-LB012_ITS	CTGGCATCTAGC
112	R-T1-D112_ITS	GGTGGTCGTTCT
113	R-T0-D092_ITS	ACTATGGGCTAA
114	R-T0-D083_ITS	GCATTGAGTTCG
115	R-T1-D023_ITS	GTTGCTGAGTCC
116	L-T0-D131_ITS	AGAACCGTCATA
117	Neg-D02_ITS	CCAAGATTCGCC
118	R-T0-D022_ITS	GAGGCTGATTTA
119	R-T0-D041_ITS	GAGTTAGCATCA
120	R-T0-D103_ITS	AACTGGAACCCT
121	R-T1-MCH4_ITS	ATACTCGGCTGC
122	L-T0-LB011_ITS	ACGCTTAACGAC
123	R-T1-MCH1_ITS	AGCTTACCGACC
124	R-T0-D051_ITS	AGGGCTATAGTT
125	R-T0-D114_ITS	TGTCTCGCAAGC
126	R-T1-D124_ITS	CAGCCGCATATC
127	Neg-D03_ITS	GATACGTTCGCA
128	L-T1-D123_ITS	TGTAGTATAGGC
129	R-T1-D021_ITS	TCCACCCTCTAT
130	R-T1-D103_ITS	TCGTGACGCTAA
131	R-T0-D121_ITS	ACGGCTAGTTCC
132	L-T1-D023_ITS	CTCACGCAATGC
133	Neg-D04_ITS	GTCCCGTGAAAT
134	R-T1-CCC3_ITS	GGACAGTGTATT
135	R-T1-MGC4_ITS	ACACGACTATAG
136	R-T0-MCC4_ITS	GTGTAGGTGCTT
137	R-T1-LB011_ITS	TGAACTAGCGTC
138	R-T1-D102_ITS	TCCGAGTCACCA
139	L-T1-D051_ITS	TCCTCTTTGGTC
140	R-T1-D051_ITS	GCACTGGCATAT
141	L-T1-D121_ITS	ACCCACCACTAG
142	L-T1-D024_ITS	CAGAAGGTGTGG
143	Neg-P03_ITS	GAAGCTTGAATC
144	L-T0-CGC4_ITS	GGCATTAGTTGA
145	Neg-P04_ITS	CGGTAGTTGATC
146	R-T0-D032_ITS	TGAAAGCGGCGA
147	L-T1-D113_ITS	GGTTACGGTTAC
148	L-T1-D114_ITS	ACATCAGGTCAC
149	L-T0-LB021_ITS	GTTGATACGATG
150	L-T0-LB041_ITS	CAGACACTTCCG
151	R-T0-CGH3_ITS	TCACCATCCGAG
152	L-T1-D101_ITS	ACTAGGATCAGT
153	R-T0-LB101_ITS	ATCACATTCTCC
154	R-T1-LB112_ITS	AGCCTGGTACCT
155	L-T1-D092_ITS	GCTAAAGTCGTA
156	L-T0-CCH3_ITS	GCTCCTTAGAAG
157	R-T1-D054_ITS	TCCCATTCCCAT
158	L-T1-LB052_ITS	TGGCGTCATTCG
159	L-T1-LB041_ITS	AATCCTCGGAGT
160	L-T0-D083_ITS	CTGGACGCATTA
161	L-T1-D131_ITS	ACCGATTAGGTA
162	L-T1-D033_ITS	ATGTGCTGCTCG
163	R-T1-MGH3_ITS	TACGTACGAAAC
164	R-T0-D102_ITS	TCTCAGCGCGTA
165	L-T0-D112_ITS	CAGTCAGGCCTT
166	R-T1-LB092_ITS	ACTGAGCTGCAT
167	L-T1-D082_ITS	ACGAAGTCTACC
168	L-T1-MGH4_ITS	GACCCTAGACCT
169	R-T0-D153_ITS	TATTCAGCGGAC
170	R-T0-LB041_ITS	GTTCCGGATTAG
171	R-T1-CGC3_ITS	GCGTGTAATTAG
172	R-T0-LB082_ITS	CTGTAGCTTGGC
173	R-T1-LB102_ITS	ATGCCTCGTAAG
174	L-T1-LB021_ITS	ACCTATGGTGAA
175	R-T0-D042_ITS	CTGTTACAGCGA
176	R-T0-MGC4_ITS	ACCGTCTTTCTC
177	R-T0-D154_ITS	TTACTGTGGCCG
178	R-T0-CCH4_ITS	ATATAAGGCCCA
179	L-T1-D134_ITS	AGTCTGTCTGCG
180	R-T1-LB111_ITS	CCGCACTCAAGT
181	L-T0-D012_ITS	TGTGGAAACTCC
182	R-T1-D152_ITS	TTAGGCAGGTTC
183	R-T1-D011_ITS	TAAGACTACTGG
184	R-T0-D011_ITS	CGCGAAGTTTCA
185	L-T1-D013_ITS	CGATACACTGCC
186	L-T0-D104_ITS	TTGAAATCCCGG
187	L-T1-LB112_ITS	CGTACCAGATCC
188	R-T0-D132_ITS	TCCGTTCGTTTA
189	L-T1-CGC4_ITS	CATTTCGCACTT
190	Neg-D05_ITS	ATGTTTAGACGG
191	R-T1-D084_ITS	ACATGTCACGTG
192	Pos-D03_ITS	CTTTAGCGCTGG
193	L-T1-D014_ITS	CAAGTCGAATAC
194	R-T0-D112_ITS	GCAAGTGTGAGG
195	R-T1-CGH4_ITS	CTCGGTCAACCA
196	R-T1-MCC4_ITS	ACCCTATTGCGG
197	R-T1-MCC3_ITS	TTAAGCGCCTGA
198	R-T0-D064_ITS	AGACGTTGCTAC
199	R-T0-LB021_ITS	AGAATAGCGCTT
200	L-T1-LB051_ITS	AAGCGTACATTG
201	L-T0-D034_ITS	TGCGGGATTCAT
202	L-T1-CCC3_ITS	CAAACTGCGTTG
203	R-T0-LB111_ITS	TTAGACTCGGAA
204	L-T1-MGC2_ITS	GACCGATAGGGA
205	Neg-P05_ITS	GGCGAACTGAAG
206	L-T1-D133_ITS	CGGCACTATCAC
207	R-T1-LB082_ITS	AGGTGGTGGAGT
208	R-T0-D151_ITS	ATTCCCAGAACG
209	R-T0-LB081_ITS	GTTATGACGGAT
210	L-T1-D034_ITS	CTTCCGCAGACA
211	L-T0-CGC2_ITS	GCACTATACGCA
212	L-T1-LB091_ITS	TCTGGGCATTGA
213	R-T1-D042_ITS	AGCCTCATGATG
214	R-T1-D064_ITS	GTGTATCGCCAC
215	L-T1-LB072_ITS	CCAAACTCGTCG
216	L-T1-CCH2_ITS	ACGTGAGGAACG
217	L-T1-CGH3_ITS	TGAATCGAAGCT
218	R-T0-D063_ITS	CTGCAGTAAGTA
219	R-T0-CCH3_ITS	TATAGGCTCCGC
220	R-T0-D033_ITS	ATCGTGTGTTGG
221	Pos-D04_ITS	CCAATGATAAGC
222	NAA-D02_ITS	TCTACCACGAAG
223	L-T0-D114_ITS	AATATCGGGATC
224	L-T0-CCH4_ITS	TAGTGCATTCGG
225	Neg-D06_ITS	TTAAACCGCGCC
226	L-T0-MGH3_ITS	CTTGCATACCGG
227	L-T1-D021_ITS	GTGCACGATAAT
228	R-T1-MCC1_ITS	GGTCTAGGTCTA
229	R-T0-LB022_ITS	TCAGGACGTATC
230	L-T0-D062_ITS	GAAAGGTGAGAA
231	R-T1-D074_ITS	GTCGCTTGCACA
232	R-T0-LB012_ITS	TCAATGACCGCA
233	L-T0-CCC4_ITS	ACGCTGTCGGTT
234	L-T0-D073_ITS	CTCGTTTCAGTT
235	L-T1-MCH2_ITS	GCGAACCTATAC
236	R-T1-CCH4_ITS	CTATCGGAAGAT
237	NAA-D03_ITS	CGGATTGCTGTA
238	L-T1-D044_ITS	GGTACTGTACCA
239	R-T0-D021_ITS	ATCGAATCGAGT
240	R-T1-D094_ITS	CTAGCAGTATGA
241	L-T0-D032_ITS	GTTAATGGCAGT
242	L-T1-D094_ITS	GTATGGAGCTAT
243	R-T1-D034_ITS	CCTTCTGTATAC
244	R-T0-D093_ITS	CTCTCATATGCT
245	R-T1-LB121_ITS	GTACCTAGCCTG
246	L-T0-D074_ITS	CACTGAGTACGT
247	L-T1-LB092_ITS	TCAAGCAATACG
248	R-T1-D154_ITS	CCAGTATCGCGT
249	R-T1-CCH3_ITS	TCGTTTCTTCAG
250	L-T1-D072_ITS	AGTACCTAAGTG
251	L-T0-CGC3_ITS	GGATGCAGGATG
252	L-T1-D122_ITS	CCACTTGAGAGT
253	R-T1-MCH3_ITS	GCACTTCATTTC
254	Neg-D07_ITS	AGAATCCACCAC
255	R-T0-LB052_ITS	CTCAAGTCAAAG
256	R-T0-LB051_ITS	CAGCCTGCAAAT
257	R-T0-D123_ITS	TTGCAAGTACCG
258	L-T0-D061_ITS	GCTTCTCTCACT
259	R-T1-D014_ITS	ATGGGACCTTCA
260	L-T1-CCH3_ITS	GCTATTCCTCAT
261	R-T1-D092_ITS	GTCTCTGAAAGA
262	L-T0-LB121_ITS	GTTCTGCTTGTT
263	L-T1-CCC4_ITS	GTCAAGACCTCA
264	L-T1-D043_ITS	TTGTTACGTTCC
265	Neg-D08_ITS	CAGTTCGAGATA
266	R-T0-MCH1_ITS	AATGTCACCAGA
267	R-T1-LB062_ITS	ACACATAAGTCG
268	R-T0-CGH1_ITS	TACTGCCAGTGA
269	R-T1-D123_ITS	GAGTTTACGGTC
270	R-T0-LB072_ITS	TTGACACACGAC
271	R-T0-D034_ITS	ATAAGGTCGCCT
272	L-T1-CCC2_ITS	TTGCCCTTTGAT
273	L-T0-LB092_ITS	CCTGGAATTAAG
274	L-T0-D033_ITS	TGAGACCCTACA
275	R-T1-D134_ITS	AAGTATCCTGCG
276	L-T0-LB052_ITS	CAAATGGTCGTC
		
1	R-T0-MGC2_16S	TAGGACGGGAGT
2	Pos-D01_16S	TGCTACAGACGT
3	L-T1-D152_16S	AGGTGAGTTCTA
4	R-T1-D131_16S	AACGATCATAGA
5	L-T0-LB102_16S	AAGTCTTATCTC
6	R-T0-LB011_16S	TTGCACCGTCGA
7	R-T1-LB022_16S	CTCCGAACAACA
8	L-T1-LB102_16S	TCTGGCTACGAC
9	R-T0-MCC2_16S	AGTAGTTTCCTT
10	R-T1-LB101_16S	CAGATCCCAACC
11	R-T1-CCC1_16S	GATAGCACTCGT
12	R-T0-LB112_16S	GTAATTGTAATT
13	L-T1-D154_16S	GTTTGGCCACAC
14	L-T1-CCH4_16S	GATCCCACGTAC
15	R-T1-D062_16S	CCGCCAGCTTTG
16	R-T0-MGC1_16S	TCATCTTGATTG
17	R-T0-CGH4_16S	GTCCTACACAGC
18	L-T0-D014_16S	ATTTACAATTGA
19	L-T1-D012_16S	CCACTGCCCACC
20	L-T0-LB051_16S	ATAGTTAGGGCT
21	R-T1-D061_16S	GACCCGTTTCGC
22	L-T0-LB071_16S	TGACTGCGTTAG
23	L-T0-MGH1_16S	ACGTTAATATTC
24	R-T0-D061_16S	TCTAACGAGTGC
25	L-T0-D021_16S	TATATAGTATCC
26	R-T0-D043_16S	CGCTAGGATGTT
27	R-T1-D121_16S	AGCGGTAGCGGT
28	R-T1-LB032_16S	GTCAGTATGGCT
29	L-T1-D102_16S	ACTGTTTACTGT
30	L-T0-D101_16S	GTCACGGACATT
31	Neg-D01_16S	GAATATACCTGG
32	L-T0-D142_16S	GAATCTGACAAC
33	L-T0-LB072_16S	ATTGCCTTGATT
34	R-T1-D111_16S	GAGCCCAAAGAG
35	R-T0-LB042_16S	CCATGTGGCTCC
36	L-T0-D023_16S	CGTTCCTTGTTA
37	NAA-D01_16S	CATAAGGGAGGC
38	R-T1-D122_16S	CTACTTACATCC
39	L-T1-LB042_16S	CGCACGTACCTC
40	L-T1-LB022_16S	GTCCTCGCGACT
41	R-T0-CCH1_16S	CAGGCCACTCTC
42	L-T0-MCH1_16S	ACAGTTGTACGC
43	L-T0-D031_16S	ACCAGAAATGTC
44	L-T0-D133_16S	CTCATCATGTTC
45	L-T1-D153_16S	TTAGGATTCTAT
46	L-T0-MGC1_16S	CAACGAACCATC
47	L-T1-D041_16S	ACACGTTTGGGT
48	R-T0-MGH3_16S	CGTCGCAGCCTT
49	R-T0-D111_16S	GTGCAACCAATC
50	L-T0-MCC1_16S	ACCACCGTAACC
51	Neg-P01_16S	AGGAAGTAACTT
52	R-T1-CGH2_16S	CGTTCGCTAGCC
53	R-T1-CGC2_16S	ACCCAAGCGTTA
54	R-T0-LB062_16S	ACTGGCAAACCT
55	L-T0-D084_16S	AACACCATCGAC
56	R-T1-D091_16S	TTATCCAGTCCT
57	L-T1-D032_16S	GTTTATCTTAAG
58	R-T0-D052_16S	GTTCGCCGCATC
59	L-T0-D132_16S	AGACTATTTCAT
60	L-T1-D083_16S	AGCGATTCCTCG
61	Neg-P02_16S	CTCACCTAGGAA
62	L-T0-D022_16S	CGGTTGGCGGGT
63	L-T1-LB122_16S	CGATTCCTTAAT
64	R-T1-LB021_16S	TGCCTGCTCGAC
65	L-T0-LB112_16S	AGATGCAATGAT
66	L-T1-D103_16S	GCATTCGGCGTT
67	R-T0-D012_16S	TCTACATACATA
68	R-T1-D082_16S	GAGTCTTGGTAA
69	R-T0-D141_16S	CAGTCTAGTACG
70	L-T0-D093_16S	GTTCGAGTGAAT
71	L-T1-D112_16S	AGTCCGAGTTGT
72	L-T1-LB081_16S	CGTGAGGACCAG
73	R-T0-D024_16S	TACTGTACTGTT
74	R-T1-CCC2_16S	CCACCGGGCCGA
75	L-T0-LB032_16S	AATCCGGTCACC
76	L-T0-MCH2_16S	TCTTACCCATAA
77	L-T1-D011_16S	TCTCGCACTGGA
78	L-T0-LB042_16S	ACCAGTGACTCA
79	L-T0-D111_16S	TGGCGCACGGAC
80	L-T1-D062_16S	CATTTACATCAC
81	L-T0-LB111_16S	GTGGGACTGCGC
82	L-T0-D102_16S	CGGCCTAAGTTC
83	L-T1-MCH1_16S	GCTGAGCCTTTG
84	R-T0-D074_16S	AGAGACGCGTAG
85	R-T0-D133_16S	CTAGAGCTCCCA
86	L-T0-D113_16S	TATGTGCCGGCT
87	R-T1-D041_16S	ATACCGTCTTTC
88	R-T1-LB071_16S	TGTGCTTGTAGG
89	L-T0-MCC3_16S	GGTCTTAGCACC
90	L-T0-D051_16S	GCCTACTCTCGG
91	Pos-D02_16S	ACTGCCCGATAC
92	L-T0-MGH2_16S	TTCTTAACGCCT
93	L-T1-MGH2_16S	CTCCCGAGCTCC
94	L-T0-MCC2_16S	TAGACTTCAGAG
95	L-T1-CGH2_16S	ACTTAGACTCTT
96	R-T0-D142_16S	GGACCTGGATGG
		
97	L-T1-MCC3_16S	ATGTTAGGGAAT
98	L-T0-CCC1_16S	GCGTGGTCATTA
99	R-T0-LB061_16S	GATTCTTTAGAT
100	L-T0-D123_16S	CGGATCTAGTGT
101	R-T1-D113_16S	GCTAGTTATGGA
102	L-T0-D143_16S	TCATCCGTCGGC
103	L-T0-D121_16S	ATTTGGCTCTTA
104	R-T1-D143_16S	GATCCGGCAGGA
105	L-T0-D042_16S	GTTAAGCTGACC
106	L-T1-D104_16S	CCTATTGCGGCC
107	R-T1-CGH1_16S	CAATAGAATAAG
108	R-T1-D072_16S	ACATAGCGGTTC
109	R-T1-MCH2_16S	AAGTGGCTATCC
110	R-T1-D031_16S	CCTGCACCTGCA
111	R-T0-D152_16S	AGGACAAACTAT
112	R-T1-CGC4_16S	ATAACGGTGTAC
113	L-T0-D041_16S	ACTAGTTGGACC
114	L-T1-MCC2_16S	GGCTTCGGAGCG
115	R-T0-D054_16S	CGCGTCAAACTA
116	L-T1-LB012_16S	CTTCCAACTCAT
117	R-T1-D112_16S	GCCTAGCCCAAT
118	R-T0-D092_16S	GTTAGGGAGCGA
119	R-T0-D083_16S	TATACCGCTGCG
120	R-T1-D023_16S	CTTACACTGCTT
121	L-T0-D131_16S	GTCGTTACCCGC
122	Neg-D02_16S	TGGTGTTTATAT
123	R-T0-D022_16S	TCTTCCTAAAGT
124	R-T0-D041_16S	GCCCTTCCCGTG
125	R-T0-D103_16S	CGCAAGCCCGCG
126	R-T1-MCH4_16S	CGGTCAATTGAC
127	L-T0-LB011_16S	ATGTTCCTCATC
128	R-T1-MCH1_16S	CGACCTCGCATA
129	R-T0-D051_16S	CATTCGTGGCGT
130	R-T0-D114_16S	AGTACGCAGTCT
131	R-T1-D124_16S	CAGTGCACGTCT
132	Neg-D03_16S	ACTCACAGGAAT
133	L-T1-D123_16S	AGTATATGTTTC
134	R-T1-D021_16S	GTGCGGTTCACT
135	R-T1-D103_16S	CTTGTGCGACAA
136	R-T0-D121_16S	CACAGTTGAAGT
137	L-T1-D023_16S	AGAGCGGAACAA
138	Neg-D04_16S	TCCGCTGCTGAC
139	R-T1-CCC3_16S	TCCGTGGTATAG
140	R-T1-MGC4_16S	GTCAGAGTATTG
141	R-T0-MCC4_16S	GCGGTCGGTCAG
142	R-T1-LB011_16S	TATCCTGGTTTC
143	R-T1-D102_16S	CTGGTGCTGAAT
144	L-T1-D051_16S	GTTGAAGCACCT
145	R-T1-D051_16S	GGCTCGTCGGAG
146	L-T1-D121_16S	TAGCGCGAACTT
147	L-T1-D024_16S	GCGCTTAGAATA
148	Neg-P03_16S	GCAAAGGCCCGC
149	L-T0-CGC4_16S	ACATGGGCGGAA
150	Neg-P04_16S	TGCGCGCCTTCC
151	R-T0-D032_16S	GTTGGTTGGCAT
152	L-T1-D113_16S	GAACGATCATGT
153	L-T1-D114_16S	TCAGTCAGATGA
154	L-T0-LB021_16S	CTGGTCTTACGG
155	L-T0-LB041_16S	ACAAAGGTATCA
156	R-T0-CGH3_16S	GTAAACGACTTG
157	L-T1-D101_16S	GACATCTGACAC
158	R-T0-LB101_16S	ATGTAGGCTTAG
159	R-T1-LB112_16S	AGAGGAGTCGAC
160	L-T1-D092_16S	CTCCCACTAGAG
161	L-T0-CCH3_16S	CTGCGGATATAC
162	R-T1-D054_16S	GCGCACACCTTC
163	L-T1-LB052_16S	AACGGGCGACGT
164	L-T1-LB041_16S	CTCCACATTCCT
165	L-T0-D083_16S	CGAACGTCTATG
166	L-T1-D131_16S	ATGCCGGTAATA
167	L-T1-D033_16S	TGAACCCTATGG
168	R-T1-MGH3_16S	TTGGACGTCCAC
169	R-T0-D102_16S	AATTTCCTAACA
170	L-T0-D112_16S	GCATTACTGGAC
171	R-T1-LB092_16S	GTCTCCTCCCTT
172	L-T1-D082_16S	AATAGATGCTGA
173	L-T1-MGH4_16S	GTGAGGGCAAGT
174	R-T0-D153_16S	CACGAAAGCAGG
175	R-T0-LB041_16S	TACTGAGCCTCG
176	R-T1-CGC3_16S	TCTTCGCAGCAG
177	R-T0-LB082_16S	CAGTCCCTGCAC
178	R-T1-LB102_16S	ATCAAGATACGC
179	L-T1-LB021_16S	AATAAGCAATAG
180	R-T0-D042_16S	GCACGCGAGCAC
181	R-T0-MGC4_16S	ATAAACGGACAT
182	R-T0-D031_16S	TCCGGACTCCTG
183	R-T0-D154_16S	AGTATCATATAT
184	R-T0-CCH4_16S	AACGCTTCTTAT
185	L-T1-D134_16S	ATATTGGCAGCC
186	R-T1-LB111_16S	CGTGGCTTTCCG
187	L-T0-D012_16S	GGTGCAGACAGA
188	R-T1-D152_16S	CACGCTATTGGA
189	R-T1-D011_16S	TGATTTAATTGC
190	R-T0-D011_16S	CTGAGGCCCTTC
191	L-T1-D013_16S	TATGGGTAGCTA
192	L-T0-D104_16S	CTTAGGCATGTG
		
193	L-T1-LB112_16S	TGTGTTACTCCT
194	R-T0-D132_16S	AGTGAAATACTG
195	L-T1-CCH1_16S	ACCTTCGCGCAC
196	L-T1-CGC4_16S	GATTTAGAGGCT
197	Neg-D05_16S	CCATATCCCGGA
198	R-T1-D084_16S	TTGACGACATCG
199	Pos-D03_16S	TACCAATCGGTG
200	R-T0-D053_16S	ATCTGGACGATC
201	L-T1-D014_16S	ACTCGTGATAGC
202	R-T0-D112_16S	ATGTGGCGTGTT
203	R-T1-CGH4_16S	AGACATACCGTA
204	R-T1-MCC4_16S	ACCTCTATTCGT
205	R-T1-MCC3_16S	AAGGCTGGGCAC
206	R-T0-D064_16S	TTGGGTACACGT
207	R-T0-LB021_16S	GATATCGATGAA
208	L-T1-LB051_16S	AACGCGAAATTC
209	L-T0-D034_16S	CGATAGGCCTTA
210	L-T1-CCC3_16S	TAAGATGCAGTC
211	R-T0-LB111_16S	TCCGCAACCTGA
212	L-T1-MGC2_16S	AGCCGACTCTGT
213	Neg-P05_16S	GTGTTCCCAGAA
214	L-T1-D133_16S	CTCGAGCGTACT
215	R-T1-LB082_16S	GCTGTGATTCGA
216	R-T0-D151_16S	CTGCCCTCGATG
217	R-T0-LB081_16S	GTGAGCACGCAG
218	L-T1-D034_16S	CCGCTGATGTCA
219	L-T0-CGC2_16S	ACCCTCAGCCCA
220	L-T1-LB091_16S	GGTGACTAGTTC
221	R-T1-D042_16S	CGATCGAACACT
222	R-T1-D064_16S	TTCGCTAACCTT
223	L-T1-LB072_16S	GCAGGGTCGAAC
224	L-T1-CCH2_16S	TAGAGGCGTAGG
225	L-T1-CGH3_16S	CAGGTAATAATG
226	R-T0-D063_16S	GCCGAACGCCGA
227	R-T0-CCH3_16S	GTCTAGTATTTC
228	R-T0-D033_16S	AAGCATTGAGAT
229	Pos-D04_16S	CCGTCAAGATGT
230	NAA-D02_16S	TCCAGGGCTATA
231	L-T0-D114_16S	GACTATAATGGC
232	L-T0-CCH4_16S	ATCACCAGGTGT
233	Neg-D06_16S	AGCTGCACCTAA
234	L-T0-MGH3_16S	GGAGTGCCCGAA
235	L-T1-D021_16S	CATGACGCCTCC
236	R-T1-MCC1_16S	GTATTATGACTT
237	R-T0-LB022_16S	CATAATCTTGCT
238	L-T0-D062_16S	TGCGTGGGTGGA
239	L-T0-D152_16S	ACTATATTAGCT
240	R-T1-D074_16S	TTCTGGTCTTGT
241	R-T0-LB012_16S	AATTGAATTTAC
242	L-T0-CCC4_16S	GCCTGCAGTACT
243	L-T0-D073_16S	ATGGTTCACCCG
244	L-T1-MCH2_16S	CCGTGGACCAGG
245	R-T1-CCH4_16S	AGGAAAGCCAGA
246	NAA-D03_16S	ATGGCTGTCAGT
247	L-T1-D044_16S	GAGGGTTGTCGG
248	R-T0-D021_16S	CCACGTACGTAA
249	R-T1-D094_16S	AGTAAGTCGATA
250	L-T0-D032_16S	TTGGGCCACATA
251	L-T1-D094_16S	TCTATCTGGCTT
252	R-T1-D034_16S	ATACCTAAATAT
253	R-T0-D093_16S	GTCCCTATTATC
254	R-T1-LB121_16S	ACGCACATACAA
255	L-T0-D074_16S	ATGTCCGACCAA
256	L-T1-LB092_16S	ATTTCGACCCGG
257	R-T1-D154_16S	GCGACGCGGCAT
258	R-T1-CCH3_16S	TGCGGTTGACTC
259	L-T1-D072_16S	CCAGGTTAATGC
260	L-T0-CGC3_16S	CGACGAGATTAT
261	L-T1-D122_16S	GCTACAAGCCCT
262	R-T1-MCH3_16S	GCACATAGTCGT
263	Neg-D07_16S	AGCCACCCGGGA
264	R-T0-LB052_16S	ATGTCTTCAACT
265	R-T1-LB012_16S	GGAGTTGAGGTG
266	R-T0-LB051_16S	GTTCAACAGCTG
267	R-T0-D123_16S	CGTTTCAAGGAC
268	L-T0-D061_16S	GCGAGCGAAGTA
269	R-T1-D014_16S	GCGCAATAGTAT
270	L-T1-CCH3_16S	CACATATTGGGC
271	R-T1-D092_16S	CATGTTGGAACA
272	L-T0-LB121_16S	ACCCGACGGGAC
273	L-T1-CCC4_16S	AGGTCATCTTGG
274	L-T1-D043_16S	CTCTCGGCGTAA
275	Neg-D08_16S	CGAGATAGTTTG
276	R-T0-MCH1_16S	CTGCAAGCCTGT
277	L-T1-D142_16S	ATCTCTGGCGCC
278	R-T1-LB062_16S	ATCTTGGAGTCG
279	R-T0-CGH1_16S	TGCCCTCCGTAG
280	R-T1-D123_16S	GTTGTGGGCGCG
281	Neg-P06_16S	AGACGACGTGGA
282	R-T0-LB072_16S	ACTTCATCGTAT
283	R-T0-D034_16S	TGTGATCTTTAC
284	L-T1-CCC2_16S	TCCTCCGGTTGG
285	L-T0-LB092_16S	AACTTCACTTCC
286	L-T0-D033_16S	CGACCGGTGAAG
287	R-T1-D134_16S	CCTCTCGGGTTG
288	L-T0-LB052	GATGGCGGACTG
